name,nucle-seq
MKV_scg_0,ATGAAAGTATGGCTGGTTGGTGCTTACGGTATCGTTTCTACTACTGCTATGGTTGGTGCTCGTGCTATCGAACGTGGTATTGCTCCGAAAATCGGTCTGGTTTCTGAACTGCCGCACTTCGAAGGTATCGAAAAATATGCTCCGTTCTCTTTCGAATTTGGTGGTCACGAAATTCGTCTGCTGAGCAACGCGTACGAAGCGGCGAAAGAACATTGGGAACTGAACCGTCACTTCGACCGTGAAATCCTCGAAGCGGTAAAATCTGACCTGGAAGGTATCGTTGCTCGTAAAGGTACCGCGCTGAACTGTGGTTCTGGTATCAAAGAACTGGGTGACATCAAAACTCTGGAAGGTGAAGGTCTGTCTCTGGCGGAAATGGTTTCTCGTATCGAAGAAGATATCAAATCTTTCGCGGACGACGAAACCGTTGTTATCAACGTTGCGTCTACCGAACCGCTTCCGAACTACTCTGAAGAGTACCACGGTTCTCTGGAAGGTTTCGAACGGATGATTGACGAAGACCGTAAAGAATACGCTTCTGCGTCTATGCTGTACGCTTACGCGGCGCTGAAACTGGGTCTGCCGTACGCGAACTTCACCCCGTCTCCGGGTTCTGCGATCCCAGCGCTGAAAGAACTGGCGGAGAAAAAAGGTGTTCCGCACGCGGGTAACGACGGTAAAACCGGTGAAACCCTGGTTAAAACCACCCTGGCTCCGATGTTCGCGTACCGTAACATGGAAGTTGTTGGCTGGATGTCTTACAACATCCTCGGTGACTACGACGGTAAAGTTCTGTCTGCGCGTGACAACAAAGAATCTAAAGTTCTGAGCAAAGACAAAGTTCTGGAAAAAATGCTGGGTTACTCTCCGTACAGCATCACCGAAATCCAATACTTCCCGTCTCTGGTTGACAACAAAACCGCGTTCGACTTCGTTCACTTCAAAGGCTTCCTCGGTAAACTGATGAAATTCTACTTCATCTGGGATGCGATCGACGCGATCGTTGCGGCTCCGCTGATCCTCGACATCGCGCGTTTCCTGCTGTTCGCGAAGAAAAAAGGTGTTAAAGGTGTTGTTAAAGAAATGGCCTTCTTCTTCAAATCTCCGATGGACACCAACGTTATCAACACCCACGAACAGTTCGTTGTTCTGAAAGAATGGTACTCTAACCTGAAATAA
MKV_scg_1,ATGAAAGTATGGCTGGTTGGTGCTTACGGTATCGTTTCTACTACTGCTATGGTTGGTGCTCGTGCTATCGAACGTGGTATTGCTCCGAAAATCGGTCTGGTTTCTGAACTGCCGCACTTCGAAGGTATCGAAAAATATGCTCCGTTCTCTTTCGAATTTGGTGGTCACGAAATTCGTCTGCTGAGCAACGCGTACGAAGCGGCGAAAGAACATTGGGAACTGAACCGTCACTTCGACCGTGAAATCCTCGAAGCGGTAAAATCTGACCTGGAAGGTATCGTTGCTCGTAAAGGTACCGCGCTGAACTGTGGTTCTGGTATCAAAGAACTGGGTGACATCAAAACTCTGGAAGGTGAAGGTCTGTCTCTGGCGGAAATGGTTTCTCGTATCGAAGAAGATATCAAATCTTTCGCGGACGACGAAACCGTTGTTATCAACGTTGCGTCTACCGAACCGCTTCCGAACTACTCTGAAGAGTACCACGGTTCTCTGGAAGGTTTCGAACGGATGATTGACGAAGACCGTAAAGAATACGCTTCTGCGTCTATGCTGTACGCTTACGCGGCGCTGAAACTGGGTCTGCCGTACGCGAACTTCACCCCGTCTCCGGGTTCTGCGATCCCAGCGCTGAAAGAACTGGCGGAGAAAAAAGGTGTTCCGCACGCGGGTAACGACGGTAAAACCGGTGAAACCCTGGTTAAAACCACTCTGGCTCCGATGTTCGCGTACCGTAACATGGAAGTTGTTGGCTGGATGTCTTACAACATCCTCGGTGACTACGACGGTAAAGTTCTGTCTGCGCGTGACAACAAAGAATCTAAAGTTCTGAGCAAAGACAAAGTTCTGGAAAAAATGCTGGGTTACTCTCCGTACAGCATCACCGAAATCCAATACTTCCCGTCTCTGGTTGACAACAAAACCGCGTTCGACTTCGTTCACTTCAAAGGCTTCCTCGGTAAACTGATGAAATTCTACTTCATCTGGGATGCGATCGACGCGATCGTTGCGGCTCCGCTGATCCTCGACATCGCGCGTTTCCTGCTGTTCGCGAAGAAAAAAGGTGTTAAAGGTGTTGTTAAAGAAATGGCCTTCTTCTTCAAATCTCCGATGGACACCAACGTAATCAACACCCACGAACAGTTCGTTGTTCTGAAAGAATGGTACTCCAACCTGAAATAA
MKV_scg_2,ATGAAAGTATGGCTGGTTGGTGCTTACGGTATCGTTTCTACTACTGCTATGGTTGGTGCTCGTGCTATCGAACGTGGTATTGCTCCGAAAATCGGTCTGGTTTCTGAACTGCCGCACTTCGAAGGTATCGAAAAATATGCTCCGTTCTCTTTCGAATTTGGTGGTCACGAAATTCGTCTGCTGAGCAACGCGTACGAAGCGGCGAAAGAACATTGGGAACTGAACCGTCACTTCGACCGTGAAATCCTCGAAGCGGTAAAATCTGACCTGGAAGGTATCGTTGCTCGTAAAGGTACCGCGCTGAACTGTGGTTCTGGTATCAAAGAACTGGGTGACATCAAAACTCTGGAAGGTGAAGGTCTGTCTCTGGCGGAAATGGTTTCTCGTATCGAAGAAGATATCAAATCTTTCGCGGACGACGAAACCGTTGTTATCAACGTTGCGTCTACCGAACCGCTTCCGAACTACTCTGAAGAGTACCACGGTTCTCTGGAAGGTTTCGAACGGATGATTGACGAAGACCGTAAAGAATACGCTTCTGCGTCTATGCTGTACGCTTACGCGGCGCTGAAACTGGGTCTGCCGTACGCGAACTTCACCCCGTCTCCGGGTTCTGCGATCCCAGCGCTGAAAGAACTGGCGGAGAAAAAAGGTGTTCCGCACGCGGGTAACGACGGTAAAACCGGTGAAACCCTGGTTAAAACCACTCTGGCTCCGATGTTCGCGTACCGTAACATGGAAGTTGTTGGCTGGATGTCTTACAACATCCTCGGTGACTACGACGGTAAAGTTCTGTCTGCGCGTGACAACAAAGAATCTAAAGTTCTGAGCAAAGACAAAGTTCTGGAAAAAATGCTGGGTTACTCTCCGTACAGCATCACCGAAATCCAATACTTCCCGTCTCTGGTTGACAACAAAACCGCGTTCGACTTCGTTCACTTCAAAGGCTTCCTCGGTAAACTGATGAAATTCTACTTCATCTGGGATGCGATCGACGCGATCGTTGCGGCTCCGCTGATCCTCGACATCGCGCGTTTCCTGCTGTTCGCGAAGAAGAAAGGTGTTAAAGGTGTTGTTAAAGAAATGGCATTCTTCTTCAAATCTCCGATGGACACCAACGTTATCAACACCCACGAACAGTTCGTTGTTCTGAAAGAATGGTACAGCAACCTGAAATAA
MKV_scg_3,ATGAAAGTATGGCTGGTTGGTGCTTACGGTATCGTTTCTACTACTGCTATGGTTGGTGCTCGTGCTATCGAACGTGGTATTGCTCCGAAAATCGGTCTGGTTTCTGAACTGCCGCACTTCGAAGGTATCGAAAAATATGCTCCGTTCTCTTTCGAATTTGGTGGTCACGAAATTCGTCTGCTGAGCAACGCGTACGAAGCGGCGAAAGAACATTGGGAACTGAACCGTCACTTCGACCGTGAAATCCTCGAAGCGGTAAAATCTGACCTGGAAGGTATCGTTGCTCGTAAAGGTACCGCGCTGAACTGTGGTTCTGGTATCAAAGAACTGGGTGACATCAAAACTCTGGAAGGTGAAGGTCTGTCTCTGGCGGAAATGGTTTCTCGTATCGAAGAAGATATCAAATCTTTCGCGGACGACGAAACCGTTGTTATCAACGTTGCGTCTACCGAACCGCTTCCGAACTACTCTGAAGAGTACCACGGTTCTCTGGAAGGTTTCGAACGGATGATTGACGAAGACCGTAAAGAATACGCTTCTGCGTCTATGCTGTACGCTTACGCGGCGCTGAAACTGGGTCTGCCGTACGCGAACTTCACCCCGTCTCCGGGTTCTGCGATCCCAGCGCTGAAAGAACTGGCGGAGAAAAAAGGTGTTCCGCACGCGGGTAACGACGGTAAAACCGGTGAAACCCTGGTTAAAACCACTCTGGCTCCGATGTTCGCGTACCGTAACATGGAAGTTGTTGGCTGGATGTCTTACAACATCCTCGGTGACTACGACGGTAAAGTTCTGTCTGCGCGTGACAACAAAGAATCTAAAGTTCTGAGCAAAGACAAAGTTCTGGAAAAAATGCTGGGTTACTCTCCGTACAGCATCACCGAAATCCAATACTTCCCGTCTCTGGTTGACAACAAAACCGCGTTCGACTTCGTTCACTTCAAAGGCTTCCTCGGTAAACTGATGAAATTCTACTTCATCTGGGATGCGATCGACGCGATCGTTGCGGCTCCGCTGATCCTCGACATCGCGCGTTTCCTGCTGTTCGCGAAGAAAAAAGGTGTTAAAGGTGTTGTTAAAGAAATGGCCTTCTTCTTCAAATCTCCGATGGACACCAACGTAATCAACACCCACGAACAGTTCGTTGTTCTGAAAGAATGGTACAGCAACCTGAAATAA
MKV_scg_4,ATGAAAGTATGGCTGGTTGGTGCTTACGGTATCGTTTCTACTACTGCTATGGTTGGTGCTCGTGCTATCGAACGTGGTATTGCTCCGAAAATCGGTCTGGTTTCTGAACTGCCGCACTTCGAAGGTATCGAAAAATATGCTCCGTTCTCTTTCGAATTTGGTGGTCACGAAATTCGTCTGCTGAGCAACGCGTACGAAGCGGCGAAAGAACATTGGGAACTGAACCGTCACTTCGACCGTGAAATCCTCGAAGCGGTAAAATCTGACCTGGAAGGTATCGTTGCTCGTAAAGGTACCGCGCTGAACTGTGGTTCTGGTATCAAAGAACTGGGTGACATCAAAACTCTGGAAGGTGAAGGTCTGTCTCTGGCGGAAATGGTTTCTCGTATCGAAGAAGATATCAAATCTTTCGCGGACGACGAAACCGTTGTTATCAACGTTGCGTCTACCGAACCGCTTCCGAACTACTCTGAAGAGTACCACGGTTCTCTGGAAGGTTTCGAACGGATGATTGACGAAGACCGTAAAGAATACGCTTCTGCGTCTATGCTGTACGCTTACGCGGCGCTGAAACTGGGTCTGCCGTACGCGAACTTCACCCCGTCTCCGGGTTCTGCGATCCCAGCGCTGAAAGAACTGGCGGAGAAAAAAGGTGTTCCGCACGCGGGTAACGACGGTAAAACCGGTGAAACCCTGGTTAAAACCACCCTGGCTCCGATGTTCGCGTACCGTAACATGGAAGTTGTTGGCTGGATGTCTTACAACATCCTCGGTGACTACGACGGTAAAGTTCTGTCTGCGCGTGACAACAAAGAATCTAAAGTTCTGAGCAAAGACAAAGTTCTGGAAAAAATGCTGGGTTACTCTCCGTACAGCATCACCGAAATCCAATACTTCCCGTCTCTGGTTGACAACAAAACCGCGTTCGACTTCGTTCACTTCAAAGGCTTCCTCGGTAAACTGATGAAATTCTACTTCATCTGGGATGCGATCGACGCGATCGTTGCGGCTCCGCTGATCCTCGACATCGCGCGTTTCCTGCTGTTCGCGAAGAAAAAAGGTGTTAAAGGTGTGGTTAAAGAAATGGCATTCTTCTTCAAATCTCCGATGGACACCAACGTCATCAACACCCACGAACAGTTCGTTGTTCTGAAAGAATGGTACTCCAACCTGAAATAA
MKV_scg_5,ATGAAAGTATGGCTGGTTGGTGCTTACGGTATCGTTTCTACTACTGCTATGGTTGGTGCTCGTGCTATCGAACGTGGTATTGCTCCGAAAATCGGTCTGGTTTCTGAACTGCCGCACTTCGAAGGTATCGAAAAATATGCTCCGTTCTCTTTCGAATTTGGTGGTCACGAAATTCGTCTGCTGAGCAACGCGTACGAAGCGGCGAAAGAACATTGGGAACTGAACCGTCACTTCGACCGTGAAATCCTCGAAGCGGTAAAATCTGACCTGGAAGGTATCGTTGCTCGTAAAGGTACCGCGCTGAACTGTGGTTCTGGTATCAAAGAACTGGGTGACATCAAAACTCTGGAAGGTGAAGGTCTGTCTCTGGCGGAAATGGTTTCTCGTATCGAAGAAGATATCAAATCTTTCGCGGACGACGAAACCGTTGTTATCAACGTTGCGTCTACCGAACCGCTTCCGAACTACTCTGAAGAGTACCACGGTTCTCTGGAAGGTTTCGAACGGATGATTGACGAAGACCGTAAAGAATACGCTTCTGCGTCTATGCTGTACGCTTACGCGGCGCTGAAACTGGGTCTGCCGTACGCGAACTTCACCCCGTCTCCGGGTTCTGCGATCCCAGCGCTGAAAGAACTGGCGGAGAAAAAAGGTGTTCCGCACGCGGGTAACGACGGTAAAACCGGTGAAACCCTGGTTAAAACCACCCTGGCTCCGATGTTCGCGTACCGTAACATGGAAGTTGTTGGCTGGATGTCTTACAACATCCTCGGTGACTACGACGGTAAAGTTCTGTCTGCGCGTGACAACAAAGAATCTAAAGTTCTGAGCAAAGACAAAGTTCTGGAAAAAATGCTGGGTTACTCTCCGTACAGCATCACCGAAATCCAATACTTCCCGTCTCTGGTTGACAACAAAACCGCGTTCGACTTCGTTCACTTCAAAGGCTTCCTCGGTAAACTGATGAAATTCTACTTCATCTGGGATGCGATCGACGCGATCGTTGCGGCTCCGCTGATCCTCGACATCGCGCGTTTCCTGCTGTTCGCGAAGAAAAAAGGTGTTAAAGGTGTGGTTAAAGAAATGGCATTCTTCTTCAAATCTCCGATGGACACCAACGTAATCAACACCCACGAACAGTTCGTTGTTCTGAAAGAATGGTACAGCAACCTGAAATAA
MKV_scg_6,ATGAAAGTATGGCTGGTTGGTGCTTACGGTATCGTTTCTACTACTGCTATGGTTGGTGCTCGTGCTATCGAACGTGGTATTGCTCCGAAAATCGGTCTGGTTTCTGAACTGCCGCACTTCGAAGGTATCGAAAAATATGCTCCGTTCTCTTTCGAATTTGGTGGTCACGAAATTCGTCTGCTGAGCAACGCGTACGAAGCGGCGAAAGAACATTGGGAACTGAACCGTCACTTCGACCGTGAAATCCTCGAAGCGGTAAAATCTGACCTGGAAGGTATCGTTGCTCGTAAAGGTACCGCGCTGAACTGTGGTTCTGGTATCAAAGAACTGGGTGACATCAAAACTCTGGAAGGTGAAGGTCTGTCTCTGGCGGAAATGGTTTCTCGTATCGAAGAAGATATCAAATCTTTCGCGGACGACGAAACCGTTGTTATCAACGTTGCGTCTACCGAACCGCTTCCGAACTACTCTGAAGAGTACCACGGTTCTCTGGAAGGTTTCGAACGGATGATTGACGAAGACCGTAAAGAATACGCTTCTGCGTCTATGCTGTACGCTTACGCGGCGCTGAAACTGGGTCTGCCGTACGCGAACTTCACCCCGTCTCCGGGTTCTGCGATCCCAGCGCTGAAAGAACTGGCGGAGAAAAAAGGTGTTCCGCACGCGGGTAACGACGGTAAAACCGGTGAAACCCTGGTTAAAACCACCCTGGCTCCGATGTTCGCGTACCGTAACATGGAAGTTGTTGGCTGGATGTCTTACAACATCCTCGGTGACTACGACGGTAAAGTTCTGTCTGCGCGTGACAACAAAGAATCTAAAGTTCTGAGCAAAGACAAAGTTCTGGAAAAAATGCTGGGTTACTCTCCGTACAGCATCACCGAAATCCAATACTTCCCGTCTCTGGTTGACAACAAAACCGCGTTCGACTTCGTTCACTTCAAAGGCTTCCTCGGTAAACTGATGAAATTCTACTTCATCTGGGATGCGATCGACGCGATCGTTGCGGCTCCGCTGATCCTCGACATCGCGCGTTTCCTGCTGTTCGCGAAGAAAAAAGGTGTTAAAGGTGTTGTTAAAGAAATGGCCTTCTTCTTCAAATCCCCGATGGACACCAACGTTATCAACACCCACGAACAGTTCGTTGTTCTGAAAGAATGGTACAGCAACCTGAAATAA
MKV_scg_7,ATGAAAGTATGGCTGGTTGGTGCTTACGGTATCGTTTCTACTACTGCTATGGTTGGTGCTCGTGCTATCGAACGTGGTATTGCTCCGAAAATCGGTCTGGTTTCTGAACTGCCGCACTTCGAAGGTATCGAAAAATATGCTCCGTTCTCTTTCGAATTTGGTGGTCACGAAATTCGTCTGCTGAGCAACGCGTACGAAGCGGCGAAAGAACATTGGGAACTGAACCGTCACTTCGACCGTGAAATCCTCGAAGCGGTAAAATCTGACCTGGAAGGTATCGTTGCTCGTAAAGGTACCGCGCTGAACTGTGGTTCTGGTATCAAAGAACTGGGTGACATCAAAACTCTGGAAGGTGAAGGTCTGTCTCTGGCGGAAATGGTTTCTCGTATCGAAGAAGATATCAAATCTTTCGCGGACGACGAAACCGTTGTTATCAACGTTGCGTCTACCGAACCGCTTCCGAACTACTCTGAAGAGTACCACGGTTCTCTGGAAGGTTTCGAACGGATGATTGACGAAGACCGTAAAGAATACGCTTCTGCGTCTATGCTGTACGCTTACGCGGCGCTGAAACTGGGTCTGCCGTACGCGAACTTCACCCCGTCTCCGGGTTCTGCGATCCCAGCGCTGAAAGAACTGGCGGAGAAAAAAGGTGTTCCGCACGCGGGTAACGACGGTAAAACCGGTGAAACCCTGGTTAAAACCACCCTGGCTCCGATGTTCGCGTACCGTAACATGGAAGTTGTTGGCTGGATGTCTTACAACATCCTCGGTGACTACGACGGTAAAGTTCTGTCTGCGCGTGACAACAAAGAATCTAAAGTTCTGAGCAAAGACAAAGTTCTGGAAAAAATGCTGGGTTACTCTCCGTACAGCATCACCGAAATCCAATACTTCCCGTCTCTGGTTGACAACAAAACCGCGTTCGACTTCGTTCACTTCAAAGGCTTCCTCGGTAAACTGATGAAATTCTACTTCATCTGGGATGCGATCGACGCGATCGTTGCGGCTCCGCTGATCCTCGACATCGCGCGTTTCCTGCTGTTCGCGAAGAAAAAAGGTGTTAAAGGTGTGGTTAAAGAAATGGCATTCTTCTTCAAATCTCCGATGGACACCAACGTTATCAACACCCACGAACAGTTCGTTGTTCTGAAAGAATGGTACAGCAACCTGAAATAA
MKV_scg_8,ATGAAAGTATGGCTGGTTGGTGCTTACGGTATCGTTTCTACTACTGCTATGGTTGGTGCTCGTGCTATCGAACGTGGTATTGCTCCGAAAATCGGTCTGGTTTCTGAACTGCCGCACTTCGAAGGTATCGAAAAATATGCTCCGTTCTCTTTCGAATTTGGTGGTCACGAAATTCGTCTGCTGAGCAACGCGTACGAAGCGGCGAAAGAACATTGGGAACTGAACCGTCACTTCGACCGTGAAATCCTCGAAGCGGTAAAATCTGACCTGGAAGGTATCGTTGCTCGTAAAGGTACCGCGCTGAACTGTGGTTCTGGTATCAAAGAACTGGGTGACATCAAAACTCTGGAAGGTGAAGGTCTGTCTCTGGCGGAAATGGTTTCTCGTATCGAAGAAGATATCAAATCTTTCGCGGACGACGAAACCGTTGTTATCAACGTTGCGTCTACCGAACCGCTTCCGAACTACTCTGAAGAGTACCACGGTTCTCTGGAAGGTTTCGAACGGATGATTGACGAAGACCGTAAAGAATACGCTTCTGCGTCTATGCTGTACGCTTACGCGGCGCTGAAACTGGGTCTGCCGTACGCGAACTTCACCCCGTCTCCGGGTTCTGCGATCCCAGCGCTGAAAGAACTGGCGGAGAAAAAAGGTGTTCCGCACGCGGGTAACGACGGTAAAACCGGTGAAACCCTGGTTAAAACCACTCTGGCTCCGATGTTCGCGTACCGTAACATGGAAGTTGTTGGCTGGATGTCTTACAACATCCTCGGTGACTACGACGGTAAAGTTCTGTCTGCGCGTGACAACAAAGAATCTAAAGTTCTGAGCAAAGACAAAGTTCTGGAAAAAATGCTGGGTTACTCTCCGTACAGCATCACCGAAATCCAATACTTCCCGTCTCTGGTTGACAACAAAACCGCGTTCGACTTCGTTCACTTCAAAGGCTTCCTCGGTAAACTGATGAAATTCTACTTCATCTGGGATGCGATCGACGCGATCGTTGCGGCTCCGCTGATCCTCGACATCGCGCGTTTCCTGCTGTTCGCGAAGAAAAAAGGTGTTAAAGGTGTTGTTAAAGAAATGGCATTCTTCTTCAAATCTCCGATGGACACCAACGTTATCAACACCCACGAACAGTTCGTTGTTCTGAAAGAATGGTACAGCAACCTGAAATAA
MKV_scg_9,ATGAAAGTATGGCTGGTTGGTGCTTACGGTATCGTTTCTACTACTGCTATGGTTGGTGCTCGTGCTATCGAACGTGGTATTGCTCCGAAAATCGGTCTGGTTTCTGAACTGCCGCACTTCGAAGGTATCGAAAAATATGCTCCGTTCTCTTTCGAATTTGGTGGTCACGAAATTCGTCTGCTGAGCAACGCGTACGAAGCGGCGAAAGAACATTGGGAACTGAACCGTCACTTCGACCGTGAAATCCTCGAAGCGGTAAAATCTGACCTGGAAGGTATCGTTGCTCGTAAAGGTACCGCGCTGAACTGTGGTTCTGGTATCAAAGAACTGGGTGACATCAAAACTCTGGAAGGTGAAGGTCTGTCTCTGGCGGAAATGGTTTCTCGTATCGAAGAAGATATCAAATCTTTCGCGGACGACGAAACCGTTGTTATCAACGTTGCGTCTACCGAACCGCTTCCGAACTACTCTGAAGAGTACCACGGTTCTCTGGAAGGTTTCGAACGGATGATTGACGAAGACCGTAAAGAATACGCTTCTGCGTCTATGCTGTACGCTTACGCGGCGCTGAAACTGGGTCTGCCGTACGCGAACTTCACCCCGTCTCCGGGTTCTGCGATCCCAGCGCTGAAAGAACTGGCGGAGAAAAAAGGTGTTCCGCACGCGGGTAACGACGGTAAAACCGGTGAAACCCTGGTTAAAACCACCCTGGCTCCGATGTTCGCGTACCGTAACATGGAAGTTGTTGGCTGGATGTCTTACAACATCCTCGGTGACTACGACGGTAAAGTTCTGTCTGCGCGTGACAACAAAGAATCTAAAGTTCTGAGCAAAGACAAAGTTCTGGAAAAAATGCTGGGTTACTCTCCGTACAGCATCACCGAAATCCAATACTTCCCGTCTCTGGTTGACAACAAAACCGCGTTCGACTTCGTTCACTTCAAAGGCTTCCTCGGTAAACTGATGAAATTCTACTTCATCTGGGATGCGATCGACGCGATCGTTGCGGCTCCGCTGATCCTCGACATCGCGCGTTTCCTGCTGTTCGCGAAGAAAAAAGGTGTTAAAGGTGTTGTTAAAGAAATGGCCTTCTTCTTCAAATCTCCGATGGACACCAACGTCATCAACACCCACGAACAGTTCGTTGTTCTGAAAGAATGGTACAGCAACCTGAAATAA
MKV_scg_10,ATGAAAGTATGGCTGGTTGGTGCTTACGGTATCGTTTCTACTACTGCTATGGTTGGTGCTCGTGCTATCGAACGTGGTATTGCTCCGAAAATCGGTCTGGTTTCTGAACTGCCGCACTTCGAAGGTATCGAAAAATATGCTCCGTTCTCTTTCGAATTTGGTGGTCACGAAATTCGTCTGCTGAGCAACGCGTACGAAGCGGCGAAAGAACATTGGGAACTGAACCGTCACTTCGACCGTGAAATCCTCGAAGCGGTAAAATCTGACCTGGAAGGTATCGTTGCTCGTAAAGGTACCGCGCTGAACTGTGGTTCTGGTATCAAAGAACTGGGTGACATCAAAACTCTGGAAGGTGAAGGTCTGTCTCTGGCGGAAATGGTTTCTCGTATCGAAGAAGATATCAAATCTTTCGCGGACGACGAAACCGTTGTTATCAACGTTGCGTCTACCGAACCGCTTCCGAACTACTCTGAAGAGTACCACGGTTCTCTGGAAGGTTTCGAACGGATGATTGACGAAGACCGTAAAGAATACGCTTCTGCGTCTATGCTGTACGCTTACGCGGCGCTGAAACTGGGTCTGCCGTACGCGAACTTCACCCCGTCTCCGGGTTCTGCGATCCCAGCGCTGAAAGAACTGGCGGAGAAAAAAGGTGTTCCGCACGCGGGTAACGACGGTAAAACCGGTGAAACCCTGGTTAAAACCACTCTGGCTCCGATGTTCGCGTACCGTAACATGGAAGTTGTTGGCTGGATGTCTTACAACATCCTCGGTGACTACGACGGTAAAGTTCTGTCTGCGCGTGACAACAAAGAATCTAAAGTTCTGAGCAAAGACAAAGTTCTGGAAAAAATGCTGGGTTACTCTCCGTACAGCATCACCGAAATCCAATACTTCCCGTCTCTGGTTGACAACAAAACCGCGTTCGACTTCGTTCACTTCAAAGGCTTCCTCGGTAAACTGATGAAATTCTACTTCATCTGGGATGCGATCGACGCGATCGTTGCGGCTCCGCTGATCCTCGACATCGCGCGTTTCCTGCTGTTCGCGAAGAAAAAAGGTGTTAAAGGTGTTGTTAAAGAAATGGCATTCTTCTTCAAATCTCCGATGGACACCAACGTAATCAACACCCACGAACAGTTCGTTGTTCTGAAAGAATGGTACAGCAACCTGAAATAA
MKV_scg_11,ATGAAAGTATGGCTGGTTGGTGCTTACGGTATCGTTTCTACTACTGCTATGGTTGGTGCTCGTGCTATCGAACGTGGTATTGCTCCGAAAATCGGTCTGGTTTCTGAACTGCCGCACTTCGAAGGTATCGAAAAATATGCTCCGTTCTCTTTCGAATTTGGTGGTCACGAAATTCGTCTGCTGAGCAACGCGTACGAAGCGGCGAAAGAACATTGGGAACTGAACCGTCACTTCGACCGTGAAATCCTCGAAGCGGTAAAATCTGACCTGGAAGGTATCGTTGCTCGTAAAGGTACCGCGCTGAACTGTGGTTCTGGTATCAAAGAACTGGGTGACATCAAAACTCTGGAAGGTGAAGGTCTGTCTCTGGCGGAAATGGTTTCTCGTATCGAAGAAGATATCAAATCTTTCGCGGACGACGAAACCGTTGTTATCAACGTTGCGTCTACCGAACCGCTTCCGAACTACTCTGAAGAGTACCACGGTTCTCTGGAAGGTTTCGAACGGATGATTGACGAAGACCGTAAAGAATACGCTTCTGCGTCTATGCTGTACGCTTACGCGGCGCTGAAACTGGGTCTGCCGTACGCGAACTTCACCCCGTCTCCGGGTTCTGCGATCCCAGCGCTGAAAGAACTGGCGGAGAAAAAAGGTGTTCCGCACGCGGGTAACGACGGTAAAACCGGTGAAACCCTGGTTAAAACCACTCTGGCTCCGATGTTCGCGTACCGTAACATGGAAGTTGTTGGCTGGATGTCTTACAACATCCTCGGTGACTACGACGGTAAAGTTCTGTCTGCGCGTGACAACAAAGAATCTAAAGTTCTGAGCAAAGACAAAGTTCTGGAAAAAATGCTGGGTTACTCTCCGTACAGCATCACCGAAATCCAATACTTCCCGTCTCTGGTTGACAACAAAACCGCGTTCGACTTCGTTCACTTCAAAGGCTTCCTCGGTAAACTGATGAAATTCTACTTCATCTGGGATGCGATCGACGCGATCGTTGCGGCTCCGCTGATCCTCGACATCGCGCGTTTCCTGCTGTTCGCGAAGAAAAAAGGTGTTAAAGGTGTTGTTAAAGAAATGGCCTTCTTCTTCAAATCTCCGATGGACACCAACGTTATCAACACCCACGAACAGTTCGTTGTTCTGAAAGAATGGTACAGCAACCTGAAATAA
MKV_scg_12,ATGAAAGTATGGCTGGTTGGTGCTTACGGTATCGTTTCTACTACTGCTATGGTTGGTGCTCGTGCTATCGAACGTGGTATTGCTCCGAAAATCGGTCTGGTTTCTGAACTGCCGCACTTCGAAGGTATCGAAAAATATGCTCCGTTCTCTTTCGAATTTGGTGGTCACGAAATTCGTCTGCTGAGCAACGCGTACGAAGCGGCGAAAGAACATTGGGAACTGAACCGTCACTTCGACCGTGAAATCCTCGAAGCGGTAAAATCTGACCTGGAAGGTATCGTTGCTCGTAAAGGTACCGCGCTGAACTGTGGTTCTGGTATCAAAGAACTGGGTGACATCAAAACTCTGGAAGGTGAAGGTCTGTCTCTGGCGGAAATGGTTTCTCGTATCGAAGAAGATATCAAATCTTTCGCGGACGACGAAACCGTTGTTATCAACGTTGCGTCTACCGAACCGCTTCCGAACTACTCTGAAGAGTACCACGGTTCTCTGGAAGGTTTCGAACGGATGATTGACGAAGACCGTAAAGAATACGCTTCTGCGTCTATGCTGTACGCTTACGCGGCGCTGAAACTGGGTCTGCCGTACGCGAACTTCACCCCGTCTCCGGGTTCTGCGATCCCAGCGCTGAAAGAACTGGCGGAGAAAAAAGGTGTTCCGCACGCGGGTAACGACGGTAAAACCGGTGAAACCCTGGTTAAAACCACTCTGGCTCCGATGTTCGCGTACCGTAACATGGAAGTTGTTGGCTGGATGTCTTACAACATCCTCGGTGACTACGACGGTAAAGTTCTGTCTGCGCGTGACAACAAAGAATCTAAAGTTCTGAGCAAAGACAAAGTTCTGGAAAAAATGCTGGGTTACTCTCCGTACAGCATCACCGAAATCCAATACTTCCCGTCTCTGGTTGACAACAAAACCGCGTTCGACTTCGTTCACTTCAAAGGCTTCCTCGGTAAACTGATGAAATTCTACTTCATCTGGGATGCGATCGACGCGATCGTTGCGGCTCCGCTGATCCTCGACATCGCGCGTTTCCTGCTGTTCGCGAAGAAAAAAGGTGTTAAAGGTGTTGTTAAAGAAATGGCCTTCTTCTTCAAATCCCCGATGGACACCAACGTTATCAACACCCACGAACAGTTCGTTGTTCTGAAAGAGTGGTACAGCAACCTGAAATAA
MKV_scg_13,ATGAAAGTATGGCTGGTTGGTGCTTACGGTATCGTTTCTACTACTGCTATGGTTGGTGCTCGTGCTATCGAACGTGGTATTGCTCCGAAAATCGGTCTGGTTTCTGAACTGCCGCACTTCGAAGGTATCGAAAAATATGCTCCGTTCTCTTTCGAATTTGGTGGTCACGAAATTCGTCTGCTGAGCAACGCGTACGAAGCGGCGAAAGAACATTGGGAACTGAACCGTCACTTCGACCGTGAAATCCTCGAAGCGGTAAAATCTGACCTGGAAGGTATCGTTGCTCGTAAAGGTACCGCGCTGAACTGTGGTTCTGGTATCAAAGAACTGGGTGACATCAAAACTCTGGAAGGTGAAGGTCTGTCTCTGGCGGAAATGGTTTCTCGTATCGAAGAAGATATCAAATCTTTCGCGGACGACGAAACCGTTGTTATCAACGTTGCGTCTACCGAACCGCTTCCGAACTACTCTGAAGAGTACCACGGTTCTCTGGAAGGTTTCGAACGGATGATTGACGAAGACCGTAAAGAATACGCTTCTGCGTCTATGCTGTACGCTTACGCGGCGCTGAAACTGGGTCTGCCGTACGCGAACTTCACCCCGTCTCCGGGTTCTGCGATCCCAGCGCTGAAAGAACTGGCGGAGAAAAAAGGTGTTCCGCACGCGGGTAACGACGGTAAAACCGGTGAAACCCTGGTTAAAACCACCCTGGCTCCGATGTTCGCGTACCGTAACATGGAAGTTGTTGGCTGGATGTCTTACAACATCCTCGGTGACTACGACGGTAAAGTTCTGTCTGCGCGTGACAACAAAGAATCTAAAGTTCTGAGCAAAGACAAAGTTCTGGAAAAAATGCTGGGTTACTCTCCGTACAGCATCACCGAAATCCAATACTTCCCGTCTCTGGTTGACAACAAAACCGCGTTCGACTTCGTTCACTTCAAAGGCTTCCTCGGTAAACTGATGAAATTCTACTTCATCTGGGATGCGATCGACGCGATCGTTGCGGCTCCGCTGATCCTCGACATCGCGCGTTTCCTGCTGTTCGCGAAGAAAAAAGGTGTTAAAGGTGTTGTTAAAGAAATGGCCTTCTTCTTCAAATCTCCGATGGACACCAACGTAATCAACACCCACGAACAGTTCGTTGTTCTGAAAGAGTGGTACAGCAACCTGAAATAA
MKV_scg_14,ATGAAAGTATGGCTGGTTGGTGCTTACGGTATCGTTTCTACTACTGCTATGGTTGGTGCTCGTGCTATCGAACGTGGTATTGCTCCGAAAATCGGTCTGGTTTCTGAACTGCCGCACTTCGAAGGTATCGAAAAATATGCTCCGTTCTCTTTCGAATTTGGTGGTCACGAAATTCGTCTGCTGAGCAACGCGTACGAAGCGGCGAAAGAACATTGGGAACTGAACCGTCACTTCGACCGTGAAATCCTCGAAGCGGTAAAATCTGACCTGGAAGGTATCGTTGCTCGTAAAGGTACCGCGCTGAACTGTGGTTCTGGTATCAAAGAACTGGGTGACATCAAAACTCTGGAAGGTGAAGGTCTGTCTCTGGCGGAAATGGTTTCTCGTATCGAAGAAGATATCAAATCTTTCGCGGACGACGAAACCGTTGTTATCAACGTTGCGTCTACCGAACCGCTTCCGAACTACTCTGAAGAGTACCACGGTTCTCTGGAAGGTTTCGAACGGATGATTGACGAAGACCGTAAAGAATACGCTTCTGCGTCTATGCTGTACGCTTACGCGGCGCTGAAACTGGGTCTGCCGTACGCGAACTTCACCCCGTCTCCGGGTTCTGCGATCCCAGCGCTGAAAGAACTGGCGGAGAAAAAAGGTGTTCCGCACGCGGGTAACGACGGTAAAACCGGTGAAACCCTGGTTAAAACCACCCTGGCTCCGATGTTCGCGTACCGTAACATGGAAGTTGTTGGCTGGATGTCTTACAACATCCTCGGTGACTACGACGGTAAAGTTCTGTCTGCGCGTGACAACAAAGAATCTAAAGTTCTGAGCAAAGACAAAGTTCTGGAAAAAATGCTGGGTTACTCTCCGTACAGCATCACCGAAATCCAATACTTCCCGTCTCTGGTTGACAACAAAACCGCGTTCGACTTCGTTCACTTCAAAGGCTTCCTCGGTAAACTGATGAAATTCTACTTCATCTGGGATGCGATCGACGCGATCGTTGCGGCTCCGCTGATCCTCGACATCGCGCGTTTCCTGCTGTTCGCGAAGAAAAAAGGTGTTAAAGGTGTGGTTAAAGAAATGGCATTCTTCTTCAAATCTCCGATGGACACCAACGTCATCAACACCCACGAACAGTTCGTTGTTCTGAAAGAGTGGTACAGCAACCTGAAATAA
MKV_scg_15,ATGAAAGTATGGCTGGTTGGTGCTTACGGTATCGTTTCTACTACTGCTATGGTTGGTGCTCGTGCTATCGAACGTGGTATTGCTCCGAAAATCGGTCTGGTTTCTGAACTGCCGCACTTCGAAGGTATCGAAAAATATGCTCCGTTCTCTTTCGAATTTGGTGGTCACGAAATTCGTCTGCTGAGCAACGCGTACGAAGCGGCGAAAGAACATTGGGAACTGAACCGTCACTTCGACCGTGAAATCCTCGAAGCGGTAAAATCTGACCTGGAAGGTATCGTTGCTCGTAAAGGTACCGCGCTGAACTGTGGTTCTGGTATCAAAGAACTGGGTGACATCAAAACTCTGGAAGGTGAAGGTCTGTCTCTGGCGGAAATGGTTTCTCGTATCGAAGAAGATATCAAATCTTTCGCGGACGACGAAACCGTTGTTATCAACGTTGCGTCTACCGAACCGCTTCCGAACTACTCTGAAGAGTACCACGGTTCTCTGGAAGGTTTCGAACGGATGATTGACGAAGACCGTAAAGAATACGCTTCTGCGTCTATGCTGTACGCTTACGCGGCGCTGAAACTGGGTCTGCCGTACGCGAACTTCACCCCGTCTCCGGGTTCTGCGATCCCAGCGCTGAAAGAACTGGCGGAGAAAAAAGGTGTTCCGCACGCGGGTAACGACGGTAAAACCGGTGAAACCCTGGTTAAAACCACTCTGGCTCCGATGTTCGCGTACCGTAACATGGAAGTTGTTGGCTGGATGTCTTACAACATCCTCGGTGACTACGACGGTAAAGTTCTGTCTGCGCGTGACAACAAAGAATCTAAAGTTCTGAGCAAAGACAAAGTTCTGGAAAAAATGCTGGGTTACTCTCCGTACAGCATCACCGAAATCCAATACTTCCCGTCTCTGGTTGACAACAAAACCGCGTTCGACTTCGTTCACTTCAAAGGCTTCCTCGGTAAACTGATGAAATTCTACTTCATCTGGGATGCGATCGACGCGATCGTTGCGGCTCCGCTGATCCTCGACATCGCGCGTTTCCTGCTGTTCGCGAAGAAAAAAGGTGTTAAAGGTGTTGTTAAAGAAATGGCCTTCTTCTTCAAATCTCCGATGGACACCAACGTCATCAACACCCACGAACAGTTCGTTGTTCTGAAAGAATGGTACAGCAACCTGAAATAA
MKV_scg_16,ATGAAAGTATGGCTGGTTGGTGCTTACGGTATCGTTTCTACTACTGCTATGGTTGGTGCTCGTGCTATCGAACGTGGTATTGCTCCGAAAATCGGTCTGGTTTCTGAACTGCCGCACTTCGAAGGTATCGAAAAATATGCTCCGTTCTCTTTCGAATTTGGTGGTCACGAAATTCGTCTGCTGAGCAACGCGTACGAAGCGGCGAAAGAACATTGGGAACTGAACCGTCACTTCGACCGTGAAATCCTCGAAGCGGTAAAATCTGACCTGGAAGGTATCGTTGCTCGTAAAGGTACCGCGCTGAACTGTGGTTCTGGTATCAAAGAACTGGGTGACATCAAAACTCTGGAAGGTGAAGGTCTGTCTCTGGCGGAAATGGTTTCTCGTATCGAAGAAGATATCAAATCTTTCGCGGACGACGAAACCGTTGTTATCAACGTTGCGTCTACCGAACCGCTTCCGAACTACTCTGAAGAGTACCACGGTTCTCTGGAAGGTTTCGAACGGATGATTGACGAAGACCGTAAAGAATACGCTTCTGCGTCTATGCTGTACGCTTACGCGGCGCTGAAACTGGGTCTGCCGTACGCGAACTTCACCCCGTCTCCGGGTTCTGCGATCCCAGCGCTGAAAGAACTGGCGGAGAAAAAAGGTGTTCCGCACGCGGGTAACGACGGTAAAACCGGTGAAACCCTGGTTAAAACCACCCTGGCTCCGATGTTCGCGTACCGTAACATGGAAGTTGTTGGCTGGATGTCTTACAACATCCTCGGTGACTACGACGGTAAAGTTCTGTCTGCGCGTGACAACAAAGAATCTAAAGTTCTGAGCAAAGACAAAGTTCTGGAAAAAATGCTGGGTTACTCTCCGTACAGCATCACCGAAATCCAATACTTCCCGTCTCTGGTTGACAACAAAACCGCGTTCGACTTCGTTCACTTCAAAGGCTTCCTCGGTAAACTGATGAAATTCTACTTCATCTGGGATGCGATCGACGCGATCGTTGCGGCTCCGCTGATCCTCGACATCGCGCGTTTCCTGCTGTTCGCGAAGAAAAAAGGTGTTAAAGGTGTTGTTAAAGAAATGGCCTTCTTCTTCAAATCCCCGATGGACACCAACGTTATCAACACCCACGAACAGTTCGTTGTTCTGAAAGAATGGTACTCCAACCTGAAATAA
MKV_scg_17,ATGAAAGTATGGCTGGTTGGTGCTTACGGTATCGTTTCTACTACTGCTATGGTTGGTGCTCGTGCTATCGAACGTGGTATTGCTCCGAAAATCGGTCTGGTTTCTGAACTGCCGCACTTCGAAGGTATCGAAAAATATGCTCCGTTCTCTTTCGAATTTGGTGGTCACGAAATTCGTCTGCTGAGCAACGCGTACGAAGCGGCGAAAGAACATTGGGAACTGAACCGTCACTTCGACCGTGAAATCCTCGAAGCGGTAAAATCTGACCTGGAAGGTATCGTTGCTCGTAAAGGTACCGCGCTGAACTGTGGTTCTGGTATCAAAGAACTGGGTGACATCAAAACTCTGGAAGGTGAAGGTCTGTCTCTGGCGGAAATGGTTTCTCGTATCGAAGAAGATATCAAATCTTTCGCGGACGACGAAACCGTTGTTATCAACGTTGCGTCTACCGAACCGCTTCCGAACTACTCTGAAGAGTACCACGGTTCTCTGGAAGGTTTCGAACGGATGATTGACGAAGACCGTAAAGAATACGCTTCTGCGTCTATGCTGTACGCTTACGCGGCGCTGAAACTGGGTCTGCCGTACGCGAACTTCACCCCGTCTCCGGGTTCTGCGATCCCAGCGCTGAAAGAACTGGCGGAGAAAAAAGGTGTTCCGCACGCGGGTAACGACGGTAAAACCGGTGAAACCCTGGTTAAAACCACTCTGGCTCCGATGTTCGCGTACCGTAACATGGAAGTTGTTGGCTGGATGTCTTACAACATCCTCGGTGACTACGACGGTAAAGTTCTGTCTGCGCGTGACAACAAAGAATCTAAAGTTCTGAGCAAAGACAAAGTTCTGGAAAAAATGCTGGGTTACTCTCCGTACAGCATCACCGAAATCCAATACTTCCCGTCTCTGGTTGACAACAAAACCGCGTTCGACTTCGTTCACTTCAAAGGCTTCCTCGGTAAACTGATGAAATTCTACTTCATCTGGGATGCGATCGACGCGATCGTTGCGGCTCCGCTGATCCTCGACATCGCGCGTTTCCTGCTGTTCGCGAAGAAAAAAGGTGTTAAAGGTGTTGTTAAAGAAATGGCATTCTTCTTCAAATCTCCGATGGACACCAACGTCATCAACACCCACGAACAGTTCGTTGTTCTGAAAGAATGGTACAGCAACCTGAAATAA
MKV_scg_18,ATGAAAGTATGGCTGGTTGGTGCTTACGGTATCGTTTCTACTACTGCTATGGTTGGTGCTCGTGCTATCGAACGTGGTATTGCTCCGAAAATCGGTCTGGTTTCTGAACTGCCGCACTTCGAAGGTATCGAAAAATATGCTCCGTTCTCTTTCGAATTTGGTGGTCACGAAATTCGTCTGCTGAGCAACGCGTACGAAGCGGCGAAAGAACATTGGGAACTGAACCGTCACTTCGACCGTGAAATCCTCGAAGCGGTAAAATCTGACCTGGAAGGTATCGTTGCTCGTAAAGGTACCGCGCTGAACTGTGGTTCTGGTATCAAAGAACTGGGTGACATCAAAACTCTGGAAGGTGAAGGTCTGTCTCTGGCGGAAATGGTTTCTCGTATCGAAGAAGATATCAAATCTTTCGCGGACGACGAAACCGTTGTTATCAACGTTGCGTCTACCGAACCGCTTCCGAACTACTCTGAAGAGTACCACGGTTCTCTGGAAGGTTTCGAACGGATGATTGACGAAGACCGTAAAGAATACGCTTCTGCGTCTATGCTGTACGCTTACGCGGCGCTGAAACTGGGTCTGCCGTACGCGAACTTCACCCCGTCTCCGGGTTCTGCGATCCCAGCGCTGAAAGAACTGGCGGAGAAAAAAGGTGTTCCGCACGCGGGTAACGACGGTAAAACCGGTGAAACCCTGGTTAAAACCACCCTGGCTCCGATGTTCGCGTACCGTAACATGGAAGTTGTTGGCTGGATGTCTTACAACATCCTCGGTGACTACGACGGTAAAGTTCTGTCTGCGCGTGACAACAAAGAATCTAAAGTTCTGAGCAAAGACAAAGTTCTGGAAAAAATGCTGGGTTACTCTCCGTACAGCATCACCGAAATCCAATACTTCCCGTCTCTGGTTGACAACAAAACCGCGTTCGACTTCGTTCACTTCAAAGGCTTCCTCGGTAAACTGATGAAATTCTACTTCATCTGGGATGCGATCGACGCGATCGTTGCGGCTCCGCTGATCCTCGACATCGCGCGTTTCCTGCTGTTCGCGAAGAAAAAAGGTGTTAAAGGCGTTGTTAAAGAAATGGCATTCTTCTTCAAATCTCCGATGGACACCAACGTTATCAACACCCACGAACAGTTCGTTGTTCTGAAAGAATGGTACAGCAACCTGAAATAA
MKV_scg_19,ATGAAAGTATGGCTGGTTGGTGCTTACGGTATCGTTTCTACTACTGCTATGGTTGGTGCTCGTGCTATCGAACGTGGTATTGCTCCGAAAATCGGTCTGGTTTCTGAACTGCCGCACTTCGAAGGTATCGAAAAATATGCTCCGTTCTCTTTCGAATTTGGTGGTCACGAAATTCGTCTGCTGAGCAACGCGTACGAAGCGGCGAAAGAACATTGGGAACTGAACCGTCACTTCGACCGTGAAATCCTCGAAGCGGTAAAATCTGACCTGGAAGGTATCGTTGCTCGTAAAGGTACCGCGCTGAACTGTGGTTCTGGTATCAAAGAACTGGGTGACATCAAAACTCTGGAAGGTGAAGGTCTGTCTCTGGCGGAAATGGTTTCTCGTATCGAAGAAGATATCAAATCTTTCGCGGACGACGAAACCGTTGTTATCAACGTTGCGTCTACCGAACCGCTTCCGAACTACTCTGAAGAGTACCACGGTTCTCTGGAAGGTTTCGAACGGATGATTGACGAAGACCGTAAAGAATACGCTTCTGCGTCTATGCTGTACGCTTACGCGGCGCTGAAACTGGGTCTGCCGTACGCGAACTTCACCCCGTCTCCGGGTTCTGCGATCCCAGCGCTGAAAGAACTGGCGGAGAAAAAAGGTGTTCCGCACGCGGGTAACGACGGTAAAACCGGTGAAACCCTGGTTAAAACCACTCTGGCTCCGATGTTCGCGTACCGTAACATGGAAGTTGTTGGCTGGATGTCTTACAACATCCTCGGTGACTACGACGGTAAAGTTCTGTCTGCGCGTGACAACAAAGAATCTAAAGTTCTGAGCAAAGACAAAGTTCTGGAAAAAATGCTGGGTTACTCTCCGTACAGCATCACCGAAATCCAATACTTCCCGTCTCTGGTTGACAACAAAACCGCGTTCGACTTCGTTCACTTCAAAGGCTTCCTCGGTAAACTGATGAAATTCTACTTCATCTGGGATGCGATCGACGCGATCGTTGCGGCTCCGCTGATCCTCGACATCGCGCGTTTCCTGCTGTTCGCGAAGAAAAAAGGTGTTAAAGGTGTTGTTAAAGAAATGGCCTTCTTCTTCAAATCTCCGATGGACACCAACGTAATCAACACCCACGAACAGTTCGTTGTTCTGAAAGAGTGGTACAGCAACCTGAAATAA
MKV_scg_20,ATGAAAGTATGGCTGGTTGGTGCTTACGGTATCGTTTCTACTACTGCTATGGTTGGTGCTCGTGCTATCGAACGTGGTATTGCTCCGAAAATCGGTCTGGTTTCTGAACTGCCGCACTTCGAAGGTATCGAAAAATATGCTCCGTTCTCTTTCGAATTTGGTGGTCACGAAATTCGTCTGCTGAGCAACGCGTACGAAGCGGCGAAAGAACATTGGGAACTGAACCGTCACTTCGACCGTGAAATCCTCGAAGCGGTAAAATCTGACCTGGAAGGTATCGTTGCTCGTAAAGGTACCGCGCTGAACTGTGGTTCTGGTATCAAAGAACTGGGTGACATCAAAACTCTGGAAGGTGAAGGTCTGTCTCTGGCGGAAATGGTTTCTCGTATCGAAGAAGATATCAAATCTTTCGCGGACGACGAAACCGTTGTTATCAACGTTGCGTCTACCGAACCGCTTCCGAACTACTCTGAAGAGTACCACGGTTCTCTGGAAGGTTTCGAACGGATGATTGACGAAGACCGTAAAGAATACGCTTCTGCGTCTATGCTGTACGCTTACGCGGCGCTGAAACTGGGTCTGCCGTACGCGAACTTCACCCCGTCTCCGGGTTCTGCGATCCCAGCGCTGAAAGAACTGGCGGAGAAAAAAGGTGTTCCGCACGCGGGTAACGACGGTAAAACCGGTGAAACCCTGGTTAAAACCACTCTGGCTCCGATGTTCGCGTACCGTAACATGGAAGTTGTTGGCTGGATGTCTTACAACATCCTCGGTGACTACGACGGTAAAGTTCTGTCTGCGCGTGACAACAAAGAATCTAAAGTTCTGAGCAAAGACAAAGTTCTGGAAAAAATGCTGGGTTACTCTCCGTACAGCATCACCGAAATCCAATACTTCCCGTCTCTGGTTGACAACAAAACCGCGTTCGACTTCGTTCACTTCAAAGGCTTCCTCGGTAAACTGATGAAATTCTACTTCATCTGGGATGCGATCGACGCGATCGTTGCGGCTCCGCTGATCCTCGACATCGCGCGTTTCCTGCTGTTCGCGAAGAAAAAAGGTGTTAAAGGTGTTGTTAAAGAAATGGCCTTCTTCTTCAAATCTCCGATGGACACCAACGTCATCAACACCCACGAACAGTTCGTTGTTCTGAAAGAGTGGTACAGCAACCTGAAATAA
MKV_scg_21,ATGAAAGTATGGCTGGTTGGTGCTTACGGTATCGTTTCTACTACTGCTATGGTTGGTGCTCGTGCTATCGAACGTGGTATTGCTCCGAAAATCGGTCTGGTTTCTGAACTGCCGCACTTCGAAGGTATCGAAAAATATGCTCCGTTCTCTTTCGAATTTGGTGGTCACGAAATTCGTCTGCTGAGCAACGCGTACGAAGCGGCGAAAGAACATTGGGAACTGAACCGTCACTTCGACCGTGAAATCCTCGAAGCGGTAAAATCTGACCTGGAAGGTATCGTTGCTCGTAAAGGTACCGCGCTGAACTGTGGTTCTGGTATCAAAGAACTGGGTGACATCAAAACTCTGGAAGGTGAAGGTCTGTCTCTGGCGGAAATGGTTTCTCGTATCGAAGAAGATATCAAATCTTTCGCGGACGACGAAACCGTTGTTATCAACGTTGCGTCTACCGAACCGCTTCCGAACTACTCTGAAGAGTACCACGGTTCTCTGGAAGGTTTCGAACGGATGATTGACGAAGACCGTAAAGAATACGCTTCTGCGTCTATGCTGTACGCTTACGCGGCGCTGAAACTGGGTCTGCCGTACGCGAACTTCACCCCGTCTCCGGGTTCTGCGATCCCAGCGCTGAAAGAACTGGCGGAGAAAAAAGGTGTTCCGCACGCGGGTAACGACGGTAAAACCGGTGAAACCCTGGTTAAAACCACTCTGGCTCCGATGTTCGCGTACCGTAACATGGAAGTTGTTGGCTGGATGTCTTACAACATCCTCGGTGACTACGACGGTAAAGTTCTGTCTGCGCGTGACAACAAAGAATCTAAAGTTCTGAGCAAAGACAAAGTTCTGGAAAAAATGCTGGGTTACTCTCCGTACAGCATCACCGAAATCCAATACTTCCCGTCTCTGGTTGACAACAAAACCGCGTTCGACTTCGTTCACTTCAAAGGCTTCCTCGGTAAACTGATGAAATTCTACTTCATCTGGGATGCGATCGACGCGATCGTTGCGGCTCCGCTGATCCTCGACATCGCGCGTTTCCTGCTGTTCGCGAAGAAAAAAGGTGTTAAAGGTGTTGTTAAAGAAATGGCCTTCTTCTTCAAATCTCCGATGGACACCAACGTTATCAACACCCACGAACAGTTCGTTGTTCTGAAAGAATGGTACTCTAACCTGAAATAA
MKV_scg_22,ATGAAAGTATGGCTGGTTGGTGCTTACGGTATCGTTTCTACTACTGCTATGGTTGGTGCTCGTGCTATCGAACGTGGTATTGCTCCGAAAATCGGTCTGGTTTCTGAACTGCCGCACTTCGAAGGTATCGAAAAATATGCTCCGTTCTCTTTCGAATTTGGTGGTCACGAAATTCGTCTGCTGAGCAACGCGTACGAAGCGGCGAAAGAACATTGGGAACTGAACCGTCACTTCGACCGTGAAATCCTCGAAGCGGTAAAATCTGACCTGGAAGGTATCGTTGCTCGTAAAGGTACCGCGCTGAACTGTGGTTCTGGTATCAAAGAACTGGGTGACATCAAAACTCTGGAAGGTGAAGGTCTGTCTCTGGCGGAAATGGTTTCTCGTATCGAAGAAGATATCAAATCTTTCGCGGACGACGAAACCGTTGTTATCAACGTTGCGTCTACCGAACCGCTTCCGAACTACTCTGAAGAGTACCACGGTTCTCTGGAAGGTTTCGAACGGATGATTGACGAAGACCGTAAAGAATACGCTTCTGCGTCTATGCTGTACGCTTACGCGGCGCTGAAACTGGGTCTGCCGTACGCGAACTTCACCCCGTCTCCGGGTTCTGCGATCCCAGCGCTGAAAGAACTGGCGGAGAAAAAAGGTGTTCCGCACGCGGGTAACGACGGTAAAACCGGTGAAACCCTGGTTAAAACCACCCTGGCTCCGATGTTCGCGTACCGTAACATGGAAGTTGTTGGCTGGATGTCTTACAACATCCTCGGTGACTACGACGGTAAAGTTCTGTCTGCGCGTGACAACAAAGAATCTAAAGTTCTGAGCAAAGACAAAGTTCTGGAAAAAATGCTGGGTTACTCTCCGTACAGCATCACCGAAATCCAATACTTCCCGTCTCTGGTTGACAACAAAACCGCGTTCGACTTCGTTCACTTCAAAGGCTTCCTCGGTAAACTGATGAAATTCTACTTCATCTGGGATGCGATCGACGCGATCGTTGCGGCTCCGCTGATCCTCGACATCGCGCGTTTCCTGCTGTTCGCGAAGAAAAAAGGTGTTAAAGGTGTTGTTAAAGAAATGGCCTTCTTCTTCAAATCTCCGATGGACACCAACGTTATCAACACCCACGAACAGTTCGTTGTTCTGAAAGAATGGTACAGCAACCTGAAATAA
MKV_scg_23,ATGAAAGTATGGCTGGTTGGTGCTTACGGTATCGTTTCTACTACTGCTATGGTTGGTGCTCGTGCTATCGAACGTGGTATTGCTCCGAAAATCGGTCTGGTTTCTGAACTGCCGCACTTCGAAGGTATCGAAAAATATGCTCCGTTCTCTTTCGAATTTGGTGGTCACGAAATTCGTCTGCTGAGCAACGCGTACGAAGCGGCGAAAGAACATTGGGAACTGAACCGTCACTTCGACCGTGAAATCCTCGAAGCGGTAAAATCTGACCTGGAAGGTATCGTTGCTCGTAAAGGTACCGCGCTGAACTGTGGTTCTGGTATCAAAGAACTGGGTGACATCAAAACTCTGGAAGGTGAAGGTCTGTCTCTGGCGGAAATGGTTTCTCGTATCGAAGAAGATATCAAATCTTTCGCGGACGACGAAACCGTTGTTATCAACGTTGCGTCTACCGAACCGCTTCCGAACTACTCTGAAGAGTACCACGGTTCTCTGGAAGGTTTCGAACGGATGATTGACGAAGACCGTAAAGAATACGCTTCTGCGTCTATGCTGTACGCTTACGCGGCGCTGAAACTGGGTCTGCCGTACGCGAACTTCACCCCGTCTCCGGGTTCTGCGATCCCAGCGCTGAAAGAACTGGCGGAGAAAAAAGGTGTTCCGCACGCGGGTAACGACGGTAAAACCGGTGAAACCCTGGTTAAAACCACCCTGGCTCCGATGTTCGCGTACCGTAACATGGAAGTTGTTGGCTGGATGTCTTACAACATCCTCGGTGACTACGACGGTAAAGTTCTGTCTGCGCGTGACAACAAAGAATCTAAAGTTCTGAGCAAAGACAAAGTTCTGGAAAAAATGCTGGGTTACTCTCCGTACAGCATCACCGAAATCCAATACTTCCCGTCTCTGGTTGACAACAAAACCGCGTTCGACTTCGTTCACTTCAAAGGCTTCCTCGGTAAACTGATGAAATTCTACTTCATCTGGGATGCGATCGACGCGATCGTTGCGGCTCCGCTGATCCTCGACATCGCGCGTTTCCTGCTGTTCGCGAAGAAAAAAGGTGTTAAAGGTGTTGTTAAAGAAATGGCGTTCTTCTTCAAATCTCCGATGGACACCAACGTCATCAACACCCACGAACAGTTCGTTGTTCTGAAAGAATGGTACAGCAACCTGAAATAA
MKV_scg_24,ATGAAAGTATGGCTGGTTGGTGCTTACGGTATCGTTTCTACTACTGCTATGGTTGGTGCTCGTGCTATCGAACGTGGTATTGCTCCGAAAATCGGTCTGGTTTCTGAACTGCCGCACTTCGAAGGTATCGAAAAATATGCTCCGTTCTCTTTCGAATTTGGTGGTCACGAAATTCGTCTGCTGAGCAACGCGTACGAAGCGGCGAAAGAACATTGGGAACTGAACCGTCACTTCGACCGTGAAATCCTCGAAGCGGTAAAATCTGACCTGGAAGGTATCGTTGCTCGTAAAGGTACCGCGCTGAACTGTGGTTCTGGTATCAAAGAACTGGGTGACATCAAAACTCTGGAAGGTGAAGGTCTGTCTCTGGCGGAAATGGTTTCTCGTATCGAAGAAGATATCAAATCTTTCGCGGACGACGAAACCGTTGTTATCAACGTTGCGTCTACCGAACCGCTTCCGAACTACTCTGAAGAGTACCACGGTTCTCTGGAAGGTTTCGAACGGATGATTGACGAAGACCGTAAAGAATACGCTTCTGCGTCTATGCTGTACGCTTACGCGGCGCTGAAACTGGGTCTGCCGTACGCGAACTTCACCCCGTCTCCGGGTTCTGCGATCCCAGCGCTGAAAGAACTGGCGGAGAAAAAAGGTGTTCCGCACGCGGGTAACGACGGTAAAACCGGTGAAACCCTGGTTAAAACCACCCTGGCTCCGATGTTCGCGTACCGTAACATGGAAGTTGTTGGCTGGATGTCTTACAACATCCTCGGTGACTACGACGGTAAAGTTCTGTCTGCGCGTGACAACAAAGAATCTAAAGTTCTGAGCAAAGACAAAGTTCTGGAAAAAATGCTGGGTTACTCTCCGTACAGCATCACCGAAATCCAATACTTCCCGTCTCTGGTTGACAACAAAACCGCGTTCGACTTCGTTCACTTCAAAGGCTTCCTCGGTAAACTGATGAAATTCTACTTCATCTGGGATGCGATCGACGCGATCGTTGCGGCTCCGCTGATCCTCGACATCGCGCGTTTCCTGCTGTTCGCGAAGAAAAAAGGTGTTAAAGGTGTTGTTAAAGAAATGGCCTTCTTCTTCAAATCTCCGATGGACACCAACGTTATCAACACCCACGAACAGTTCGTTGTTCTGAAAGAATGGTACTCCAACCTGAAATAA
MKV_scg_25,ATGAAAGTATGGCTGGTTGGTGCTTACGGTATCGTTTCTACTACTGCTATGGTTGGTGCTCGTGCTATCGAACGTGGTATTGCTCCGAAAATCGGTCTGGTTTCTGAACTGCCGCACTTCGAAGGTATCGAAAAATATGCTCCGTTCTCTTTCGAATTTGGTGGTCACGAAATTCGTCTGCTGAGCAACGCGTACGAAGCGGCGAAAGAACATTGGGAACTGAACCGTCACTTCGACCGTGAAATCCTCGAAGCGGTAAAATCTGACCTGGAAGGTATCGTTGCTCGTAAAGGTACCGCGCTGAACTGTGGTTCTGGTATCAAAGAACTGGGTGACATCAAAACTCTGGAAGGTGAAGGTCTGTCTCTGGCGGAAATGGTTTCTCGTATCGAAGAAGATATCAAATCTTTCGCGGACGACGAAACCGTTGTTATCAACGTTGCGTCTACCGAACCGCTTCCGAACTACTCTGAAGAGTACCACGGTTCTCTGGAAGGTTTCGAACGGATGATTGACGAAGACCGTAAAGAATACGCTTCTGCGTCTATGCTGTACGCTTACGCGGCGCTGAAACTGGGTCTGCCGTACGCGAACTTCACCCCGTCTCCGGGTTCTGCGATCCCAGCGCTGAAAGAACTGGCGGAGAAAAAAGGTGTTCCGCACGCGGGTAACGACGGTAAAACCGGTGAAACCCTGGTTAAAACCACCCTGGCTCCGATGTTCGCGTACCGTAACATGGAAGTTGTTGGCTGGATGTCTTACAACATCCTCGGTGACTACGACGGTAAAGTTCTGTCTGCGCGTGACAACAAAGAATCTAAAGTTCTGAGCAAAGACAAAGTTCTGGAAAAAATGCTGGGTTACTCTCCGTACAGCATCACCGAAATCCAATACTTCCCGTCTCTGGTTGACAACAAAACCGCGTTCGACTTCGTTCACTTCAAAGGCTTCCTCGGTAAACTGATGAAATTCTACTTCATCTGGGATGCGATCGACGCGATCGTTGCGGCTCCGCTGATCCTCGACATCGCGCGTTTCCTGCTGTTCGCGAAGAAAAAAGGTGTTAAAGGTGTGGTTAAAGAAATGGCATTCTTCTTCAAATCTCCGATGGACACCAACGTCATCAACACCCACGAACAGTTCGTTGTTCTGAAAGAATGGTACAGCAACCTGAAATAA
MKV_scg_26,ATGAAAGTATGGCTGGTTGGTGCTTACGGTATCGTTTCTACTACTGCTATGGTTGGTGCTCGTGCTATCGAACGTGGTATTGCTCCGAAAATCGGTCTGGTTTCTGAACTGCCGCACTTCGAAGGTATCGAAAAATATGCTCCGTTCTCTTTCGAATTTGGTGGTCACGAAATTCGTCTGCTGAGCAACGCGTACGAAGCGGCGAAAGAACATTGGGAACTGAACCGTCACTTCGACCGTGAAATCCTCGAAGCGGTAAAATCTGACCTGGAAGGTATCGTTGCTCGTAAAGGTACCGCGCTGAACTGTGGTTCTGGTATCAAAGAACTGGGTGACATCAAAACTCTGGAAGGTGAAGGTCTGTCTCTGGCGGAAATGGTTTCTCGTATCGAAGAAGATATCAAATCTTTCGCGGACGACGAAACCGTTGTTATCAACGTTGCGTCTACCGAACCGCTTCCGAACTACTCTGAAGAGTACCACGGTTCTCTGGAAGGTTTCGAACGGATGATTGACGAAGACCGTAAAGAATACGCTTCTGCGTCTATGCTGTACGCTTACGCGGCGCTGAAACTGGGTCTGCCGTACGCGAACTTCACCCCGTCTCCGGGTTCTGCGATCCCAGCGCTGAAAGAACTGGCGGAGAAAAAAGGTGTTCCGCACGCGGGTAACGACGGTAAAACCGGTGAAACCCTGGTTAAAACCACCCTGGCTCCGATGTTCGCGTACCGTAACATGGAAGTTGTTGGCTGGATGTCTTACAACATCCTCGGTGACTACGACGGTAAAGTTCTGTCTGCGCGTGACAACAAAGAATCTAAAGTTCTGAGCAAAGACAAAGTTCTGGAAAAAATGCTGGGTTACTCTCCGTACAGCATCACCGAAATCCAATACTTCCCGTCTCTGGTTGACAACAAAACCGCGTTCGACTTCGTTCACTTCAAAGGCTTCCTCGGTAAACTGATGAAATTCTACTTCATCTGGGATGCGATCGACGCGATCGTTGCGGCTCCGCTGATCCTCGACATCGCGCGTTTCCTGCTGTTCGCGAAGAAAAAAGGTGTTAAAGGTGTTGTTAAAGAAATGGCCTTCTTCTTCAAATCTCCGATGGACACCAACGTCATCAACACCCACGAACAGTTCGTTGTTCTGAAAGAATGGTACAGCAACCTGAAGTAA
MKV_scg_27,ATGAAAGTATGGCTGGTTGGTGCTTACGGTATCGTTTCTACTACTGCTATGGTTGGTGCTCGTGCTATCGAACGTGGTATTGCTCCGAAAATCGGTCTGGTTTCTGAACTGCCGCACTTCGAAGGTATCGAAAAATATGCTCCGTTCTCTTTCGAATTTGGTGGTCACGAAATTCGTCTGCTGAGCAACGCGTACGAAGCGGCGAAAGAACATTGGGAACTGAACCGTCACTTCGACCGTGAAATCCTCGAAGCGGTAAAATCTGACCTGGAAGGTATCGTTGCTCGTAAAGGTACCGCGCTGAACTGTGGTTCTGGTATCAAAGAACTGGGTGACATCAAAACTCTGGAAGGTGAAGGTCTGTCTCTGGCGGAAATGGTTTCTCGTATCGAAGAAGATATCAAATCTTTCGCGGACGACGAAACCGTTGTTATCAACGTTGCGTCTACCGAACCGCTTCCGAACTACTCTGAAGAGTACCACGGTTCTCTGGAAGGTTTCGAACGGATGATTGACGAAGACCGTAAAGAATACGCTTCTGCGTCTATGCTGTACGCTTACGCGGCGCTGAAACTGGGTCTGCCGTACGCGAACTTCACCCCGTCTCCGGGTTCTGCGATCCCAGCGCTGAAAGAACTGGCGGAGAAAAAAGGTGTTCCGCACGCGGGTAACGACGGTAAAACCGGTGAAACCCTGGTTAAAACCACCCTGGCTCCGATGTTCGCGTACCGTAACATGGAAGTTGTTGGCTGGATGTCTTACAACATCCTCGGTGACTACGACGGTAAAGTTCTGTCTGCGCGTGACAACAAAGAATCTAAAGTTCTGAGCAAAGACAAAGTTCTGGAAAAAATGCTGGGTTACTCTCCGTACAGCATCACCGAAATCCAATACTTCCCGTCTCTGGTTGACAACAAAACCGCGTTCGACTTCGTTCACTTCAAAGGCTTCCTCGGTAAACTGATGAAATTCTACTTCATCTGGGATGCGATCGACGCGATCGTTGCTGCGCCGCTGATCCTCGACATCGCGCGTTTCCTGCTGTTCGCGAAGAAAAAAGGTGTTAAAGGTGTTGTTAAAGAAATGGCATTCTTCTTCAAATCTCCGATGGACACCAACGTTATCAACACCCACGAACAGTTCGTTGTTCTGAAAGAATGGTACAGCAACCTGAAATAA
MKV_scg_28,ATGAAAGTATGGCTGGTTGGTGCTTACGGTATCGTTTCTACTACTGCTATGGTTGGTGCTCGTGCTATCGAACGTGGTATTGCTCCGAAAATCGGTCTGGTTTCTGAACTGCCGCACTTCGAAGGTATCGAAAAATATGCTCCGTTCTCTTTCGAATTTGGTGGTCACGAAATTCGTCTGCTGAGCAACGCGTACGAAGCGGCGAAAGAACATTGGGAACTGAACCGTCACTTCGACCGTGAAATCCTCGAAGCGGTAAAATCTGACCTGGAAGGTATCGTTGCTCGTAAAGGTACCGCGCTGAACTGTGGTTCTGGTATCAAAGAACTGGGTGACATCAAAACTCTGGAAGGTGAAGGTCTGTCTCTGGCGGAAATGGTTTCTCGTATCGAAGAAGATATCAAATCTTTCGCGGACGACGAAACCGTTGTTATCAACGTTGCGTCTACCGAACCGCTTCCGAACTACTCTGAAGAGTACCACGGTTCTCTGGAAGGTTTCGAACGGATGATTGACGAAGACCGTAAAGAATACGCTTCTGCGTCTATGCTGTACGCTTACGCGGCGCTGAAACTGGGTCTGCCGTACGCGAACTTCACCCCGTCTCCGGGTTCTGCGATCCCAGCGCTGAAAGAACTGGCGGAGAAAAAAGGTGTTCCGCACGCGGGTAACGACGGTAAAACCGGTGAAACCCTGGTTAAAACCACTCTGGCTCCGATGTTCGCGTACCGTAACATGGAAGTTGTTGGCTGGATGTCTTACAACATCCTCGGTGACTACGACGGTAAAGTTCTGTCTGCGCGTGACAACAAAGAATCTAAAGTTCTGAGCAAAGACAAAGTTCTGGAAAAAATGCTGGGTTACTCTCCGTACAGCATCACCGAAATCCAATACTTCCCGTCTCTGGTTGACAACAAAACCGCGTTCGACTTCGTTCACTTCAAAGGCTTCCTCGGTAAACTGATGAAATTCTACTTCATCTGGGATGCGATCGACGCGATCGTTGCGGCTCCGCTGATCCTCGACATCGCGCGTTTCCTGCTGTTCGCGAAGAAAAAAGGTGTTAAAGGCGTTGTTAAAGAAATGGCGTTCTTCTTCAAATCTCCGATGGACACCAACGTTATCAACACCCACGAACAGTTCGTTGTTCTGAAAGAATGGTACAGCAACCTGAAATAA
MKV_scg_29,ATGAAAGTATGGCTGGTTGGTGCTTACGGTATCGTTTCTACTACTGCTATGGTTGGTGCTCGTGCTATCGAACGTGGTATTGCTCCGAAAATCGGTCTGGTTTCTGAACTGCCGCACTTCGAAGGTATCGAAAAATATGCTCCGTTCTCTTTCGAATTTGGTGGTCACGAAATTCGTCTGCTGAGCAACGCGTACGAAGCGGCGAAAGAACATTGGGAACTGAACCGTCACTTCGACCGTGAAATCCTCGAAGCGGTAAAATCTGACCTGGAAGGTATCGTTGCTCGTAAAGGTACCGCGCTGAACTGTGGTTCTGGTATCAAAGAACTGGGTGACATCAAAACTCTGGAAGGTGAAGGTCTGTCTCTGGCGGAAATGGTTTCTCGTATCGAAGAAGATATCAAATCTTTCGCGGACGACGAAACCGTTGTTATCAACGTTGCGTCTACCGAACCGCTTCCGAACTACTCTGAAGAGTACCACGGTTCTCTGGAAGGTTTCGAACGGATGATTGACGAAGACCGTAAAGAATACGCTTCTGCGTCTATGCTGTACGCTTACGCGGCGCTGAAACTGGGTCTGCCGTACGCGAACTTCACCCCGTCTCCGGGTTCTGCGATCCCAGCGCTGAAAGAACTGGCGGAGAAAAAAGGTGTTCCGCACGCGGGTAACGACGGTAAAACCGGTGAAACCCTGGTTAAAACCACCCTGGCTCCGATGTTCGCGTACCGTAACATGGAAGTTGTTGGCTGGATGTCTTACAACATCCTCGGTGACTACGACGGTAAAGTTCTGTCTGCGCGTGACAACAAAGAATCTAAAGTTCTGAGCAAAGACAAAGTTCTGGAAAAAATGCTGGGTTACTCTCCGTACAGCATCACCGAAATCCAATACTTCCCGTCTCTGGTTGACAACAAAACCGCGTTCGACTTCGTTCACTTCAAAGGCTTCCTCGGTAAACTGATGAAATTCTACTTCATCTGGGATGCGATCGACGCGATCGTTGCCGCGCCGCTGATCCTGGACATCGCGCGTTTCCTGCTGTTCGCGAAGAAAAAAGGTGTTAAAGGTGTTGTTAAAGAAATGGCGTTCTTCTTCAAATCTCCGATGGACACCAACGTCATCAACACCCACGAACAGTTCGTTGTTCTGAAAGAATGGTACAGCAACCTGAAATAA
MKV_scg_30,ATGAAAGTATGGCTGGTTGGTGCTTACGGTATCGTTTCTACTACTGCTATGGTTGGTGCTCGTGCTATCGAACGTGGTATTGCTCCGAAAATCGGTCTGGTTTCTGAACTGCCGCACTTCGAAGGTATCGAAAAATATGCTCCGTTCTCTTTCGAATTTGGTGGTCACGAAATTCGTCTGCTGAGCAACGCGTACGAAGCGGCGAAAGAACATTGGGAACTGAACCGTCACTTCGACCGTGAAATCCTCGAAGCGGTAAAATCTGACCTGGAAGGTATCGTTGCTCGTAAAGGTACCGCGCTGAACTGTGGTTCTGGTATCAAAGAACTGGGTGACATCAAAACTCTGGAAGGTGAAGGTCTGTCTCTGGCGGAAATGGTTTCTCGTATCGAAGAAGATATCAAATCTTTCGCGGACGACGAAACCGTTGTTATCAACGTTGCGTCTACCGAACCGCTTCCGAACTACTCTGAAGAGTACCACGGTTCTCTGGAAGGTTTCGAACGGATGATTGACGAAGACCGTAAAGAATACGCTTCTGCGTCTATGCTGTACGCTTACGCGGCGCTGAAACTGGGTCTGCCGTACGCGAACTTCACCCCGTCTCCGGGTTCTGCGATCCCAGCGCTGAAAGAACTGGCGGAGAAAAAAGGTGTTCCGCACGCGGGTAACGACGGTAAAACCGGTGAAACCCTGGTTAAAACCACCCTGGCTCCGATGTTCGCGTACCGTAACATGGAAGTTGTTGGCTGGATGTCTTACAACATCCTCGGTGACTACGACGGTAAAGTTCTGTCTGCGCGTGACAACAAAGAATCTAAAGTTCTGAGCAAAGACAAAGTTCTGGAAAAAATGCTGGGTTACTCTCCGTACAGCATCACCGAAATCCAATACTTCCCGTCTCTGGTTGACAACAAAACCGCGTTCGACTTCGTTCACTTCAAAGGCTTCCTCGGTAAACTGATGAAATTCTACTTCATCTGGGATGCGATCGACGCGATCGTTGCGGCTCCGCTGATCCTCGACATCGCGCGTTTCCTGCTGTTCGCGAAGAAAAAAGGTGTTAAAGGTGTGGTTAAAGAAATGGCGTTCTTCTTCAAATCTCCGATGGACACCAACGTTATCAACACCCACGAACAGTTCGTTGTTCTGAAAGAATGGTACAGCAACCTGAAATAA
MKV_scg_31,ATGAAAGTATGGCTGGTTGGTGCTTACGGTATCGTTTCTACTACTGCTATGGTTGGTGCTCGTGCTATCGAACGTGGTATTGCTCCGAAAATCGGTCTGGTTTCTGAACTGCCGCACTTCGAAGGTATCGAAAAATATGCTCCGTTCTCTTTCGAATTTGGTGGTCACGAAATTCGTCTGCTGAGCAACGCGTACGAAGCGGCGAAAGAACATTGGGAACTGAACCGTCACTTCGACCGTGAAATCCTCGAAGCGGTAAAATCTGACCTGGAAGGTATCGTTGCTCGTAAAGGTACCGCGCTGAACTGTGGTTCTGGTATCAAAGAACTGGGTGACATCAAAACTCTGGAAGGTGAAGGTCTGTCTCTGGCGGAAATGGTTTCTCGTATCGAAGAAGATATCAAATCTTTCGCGGACGACGAAACCGTTGTTATCAACGTTGCGTCTACCGAACCGCTTCCGAACTACTCTGAAGAGTACCACGGTTCTCTGGAAGGTTTCGAACGGATGATTGACGAAGACCGTAAAGAATACGCTTCTGCGTCTATGCTGTACGCTTACGCGGCGCTGAAACTGGGTCTGCCGTACGCGAACTTCACCCCGTCTCCGGGTTCTGCGATCCCAGCGCTGAAAGAACTGGCGGAGAAAAAAGGTGTTCCGCACGCGGGTAACGACGGTAAAACCGGTGAAACCCTGGTTAAAACCACTCTGGCTCCGATGTTCGCGTACCGTAACATGGAAGTTGTTGGCTGGATGTCTTACAACATCCTCGGTGACTACGACGGTAAAGTTCTGTCTGCGCGTGACAACAAAGAATCTAAAGTTCTGAGCAAAGACAAAGTTCTGGAAAAAATGCTGGGTTACTCTCCGTACAGCATCACCGAAATCCAATACTTCCCGTCTCTGGTTGACAACAAAACCGCGTTCGACTTCGTTCACTTCAAAGGCTTCCTCGGTAAACTGATGAAATTCTACTTCATCTGGGATGCGATCGACGCGATCGTTGCGGCTCCGCTGATCCTCGACATCGCGCGTTTCCTGCTGTTCGCGAAGAAAAAAGGTGTTAAAGGTGTTGTTAAAGAAATGGCCTTCTTCTTCAAATCTCCGATGGACACCAACGTCATCAACACCCACGAACAGTTCGTTGTTCTGAAAGAATGGTACTCCAACCTGAAATAA
MKV_scg_32,ATGAAAGTATGGCTGGTTGGTGCTTACGGTATCGTTTCTACTACTGCTATGGTTGGTGCTCGTGCTATCGAACGTGGTATTGCTCCGAAAATCGGTCTGGTTTCTGAACTGCCGCACTTCGAAGGTATCGAAAAATATGCTCCGTTCTCTTTCGAATTTGGTGGTCACGAAATTCGTCTGCTGAGCAACGCGTACGAAGCGGCGAAAGAACATTGGGAACTGAACCGTCACTTCGACCGTGAAATCCTCGAAGCGGTAAAATCTGACCTGGAAGGTATCGTTGCTCGTAAAGGTACCGCGCTGAACTGTGGTTCTGGTATCAAAGAACTGGGTGACATCAAAACTCTGGAAGGTGAAGGTCTGTCTCTGGCGGAAATGGTTTCTCGTATCGAAGAAGATATCAAATCTTTCGCGGACGACGAAACCGTTGTTATCAACGTTGCGTCTACCGAACCGCTTCCGAACTACTCTGAAGAGTACCACGGTTCTCTGGAAGGTTTCGAACGGATGATTGACGAAGACCGTAAAGAATACGCTTCTGCGTCTATGCTGTACGCTTACGCGGCGCTGAAACTGGGTCTGCCGTACGCGAACTTCACCCCGTCTCCGGGTTCTGCGATCCCAGCGCTGAAAGAACTGGCGGAGAAAAAAGGTGTTCCGCACGCGGGTAACGACGGTAAAACCGGTGAAACCCTGGTTAAAACCACCCTGGCTCCGATGTTCGCGTACCGTAACATGGAAGTTGTTGGCTGGATGTCTTACAACATCCTCGGTGACTACGACGGTAAAGTTCTGTCTGCGCGTGACAACAAAGAATCTAAAGTTCTGAGCAAAGACAAAGTTCTGGAAAAAATGCTGGGTTACTCTCCGTACAGCATCACCGAAATCCAATACTTCCCGTCTCTGGTTGACAACAAAACCGCGTTCGACTTCGTTCACTTCAAAGGCTTCCTCGGTAAACTGATGAAATTCTACTTCATCTGGGATGCGATCGACGCGATCGTTGCGGCTCCGCTGATCCTGGACATCGCGCGTTTCCTGCTGTTCGCGAAGAAAAAAGGTGTTAAAGGTGTTGTTAAAGAAATGGCATTCTTCTTCAAATCTCCGATGGACACCAACGTCATCAACACCCACGAACAGTTCGTTGTTCTGAAAGAATGGTACAGCAACCTGAAATAA
MKV_scg_33,ATGAAAGTATGGCTGGTTGGTGCTTACGGTATCGTTTCTACTACTGCTATGGTTGGTGCTCGTGCTATCGAACGTGGTATTGCTCCGAAAATCGGTCTGGTTTCTGAACTGCCGCACTTCGAAGGTATCGAAAAATATGCTCCGTTCTCTTTCGAATTTGGTGGTCACGAAATTCGTCTGCTGAGCAACGCGTACGAAGCGGCGAAAGAACATTGGGAACTGAACCGTCACTTCGACCGTGAAATCCTCGAAGCGGTAAAATCTGACCTGGAAGGTATCGTTGCTCGTAAAGGTACCGCGCTGAACTGTGGTTCTGGTATCAAAGAACTGGGTGACATCAAAACTCTGGAAGGTGAAGGTCTGTCTCTGGCGGAAATGGTTTCTCGTATCGAAGAAGATATCAAATCTTTCGCGGACGACGAAACCGTTGTTATCAACGTTGCGTCTACCGAACCGCTTCCGAACTACTCTGAAGAGTACCACGGTTCTCTGGAAGGTTTCGAACGGATGATTGACGAAGACCGTAAAGAATACGCTTCTGCGTCTATGCTGTACGCTTACGCGGCGCTGAAACTGGGTCTGCCGTACGCGAACTTCACCCCGTCTCCGGGTTCTGCGATCCCAGCGCTGAAAGAACTGGCGGAGAAAAAAGGTGTTCCGCACGCGGGTAACGACGGTAAAACCGGTGAAACCCTGGTTAAAACCACCCTGGCTCCGATGTTCGCGTACCGTAACATGGAAGTTGTTGGCTGGATGTCTTACAACATCCTCGGTGACTACGACGGTAAAGTTCTGTCTGCGCGTGACAACAAAGAATCTAAAGTTCTGAGCAAAGACAAAGTTCTGGAAAAAATGCTGGGTTACTCTCCGTACAGCATCACCGAAATCCAATACTTCCCGTCTCTGGTTGACAACAAAACCGCGTTCGACTTCGTTCACTTCAAAGGCTTCCTCGGTAAACTGATGAAATTCTACTTCATCTGGGATGCGATCGACGCGATCGTTGCGGCTCCGCTGATCCTCGACATCGCGCGTTTCCTGCTGTTCGCGAAGAAAAAAGGTGTTAAAGGTGTTGTTAAAGAAATGGCATTCTTCTTCAAATCTCCGATGGACACCAACGTAATCAACACCCACGAACAGTTCGTTGTTCTGAAAGAATGGTACAGCAACCTGAAATAA
MKV_scg_34,ATGAAAGTATGGCTGGTTGGTGCTTACGGTATCGTTTCTACTACTGCTATGGTTGGTGCTCGTGCTATCGAACGTGGTATTGCTCCGAAAATCGGTCTGGTTTCTGAACTGCCGCACTTCGAAGGTATCGAAAAATATGCTCCGTTCTCTTTCGAATTTGGTGGTCACGAAATTCGTCTGCTGAGCAACGCGTACGAAGCGGCGAAAGAACATTGGGAACTGAACCGTCACTTCGACCGTGAAATCCTCGAAGCGGTAAAATCTGACCTGGAAGGTATCGTTGCTCGTAAAGGTACCGCGCTGAACTGTGGTTCTGGTATCAAAGAACTGGGTGACATCAAAACTCTGGAAGGTGAAGGTCTGTCTCTGGCGGAAATGGTTTCTCGTATCGAAGAAGATATCAAATCTTTCGCGGACGACGAAACCGTTGTTATCAACGTTGCGTCTACCGAACCGCTTCCGAACTACTCTGAAGAGTACCACGGTTCTCTGGAAGGTTTCGAACGGATGATTGACGAAGACCGTAAAGAATACGCTTCTGCGTCTATGCTGTACGCTTACGCGGCGCTGAAACTGGGTCTGCCGTACGCGAACTTCACCCCGTCTCCGGGTTCTGCGATCCCAGCGCTGAAAGAACTGGCGGAGAAAAAAGGTGTTCCGCACGCGGGTAACGACGGTAAAACCGGTGAAACCCTGGTTAAAACCACCCTGGCTCCGATGTTCGCGTACCGTAACATGGAAGTTGTTGGCTGGATGTCTTACAACATCCTCGGTGACTACGACGGTAAAGTTCTGTCTGCGCGTGACAACAAAGAATCTAAAGTTCTGAGCAAAGACAAAGTTCTGGAAAAAATGCTGGGTTACTCTCCGTACAGCATCACCGAAATCCAATACTTCCCGTCTCTGGTTGACAACAAAACCGCGTTCGACTTCGTTCACTTCAAAGGCTTCCTCGGTAAACTGATGAAATTCTACTTCATCTGGGATGCGATCGACGCGATCGTTGCGGCTCCGCTGATCCTCGACATCGCGCGTTTCCTGCTGTTCGCGAAGAAAAAAGGTGTTAAAGGTGTGGTTAAAGAAATGGCATTCTTCTTCAAATCTCCGATGGACACCAACGTCATCAACACCCACGAACAGTTCGTTGTTCTGAAAGAATGGTACAGCAACCTGAAGTAA
MKV_scg_35,ATGAAAGTATGGCTGGTTGGTGCTTACGGTATCGTTTCTACTACTGCTATGGTTGGTGCTCGTGCTATCGAACGTGGTATTGCTCCGAAAATCGGTCTGGTTTCTGAACTGCCGCACTTCGAAGGTATCGAAAAATATGCTCCGTTCTCTTTCGAATTTGGTGGTCACGAAATTCGTCTGCTGAGCAACGCGTACGAAGCGGCGAAAGAACATTGGGAACTGAACCGTCACTTCGACCGTGAAATCCTCGAAGCGGTAAAATCTGACCTGGAAGGTATCGTTGCTCGTAAAGGTACCGCGCTGAACTGTGGTTCTGGTATCAAAGAACTGGGTGACATCAAAACTCTGGAAGGTGAAGGTCTGTCTCTGGCGGAAATGGTTTCTCGTATCGAAGAAGATATCAAATCTTTCGCGGACGACGAAACCGTTGTTATCAACGTTGCGTCTACCGAACCGCTTCCGAACTACTCTGAAGAGTACCACGGTTCTCTGGAAGGTTTCGAACGGATGATTGACGAAGACCGTAAAGAATACGCTTCTGCGTCTATGCTGTACGCTTACGCGGCGCTGAAACTGGGTCTGCCGTACGCGAACTTCACCCCGTCTCCGGGTTCTGCGATCCCAGCGCTGAAAGAACTGGCGGAGAAAAAAGGTGTTCCGCACGCGGGTAACGACGGTAAAACCGGTGAAACCCTGGTTAAAACCACTCTGGCTCCGATGTTCGCGTACCGTAACATGGAAGTTGTTGGCTGGATGTCTTACAACATCCTCGGTGACTACGACGGTAAAGTTCTGTCTGCGCGTGACAACAAAGAATCTAAAGTTCTGAGCAAAGACAAAGTTCTGGAAAAAATGCTGGGTTACTCTCCGTACAGCATCACCGAAATCCAATACTTCCCGTCTCTGGTTGACAACAAAACCGCGTTCGACTTCGTTCACTTCAAAGGCTTCCTCGGTAAACTGATGAAATTCTACTTCATCTGGGATGCGATCGACGCGATCGTTGCGGCTCCGCTGATCCTCGACATCGCGCGTTTCCTGCTGTTCGCGAAGAAAAAAGGTGTTAAAGGTGTTGTTAAAGAAATGGCCTTCTTCTTCAAATCTCCGATGGACACCAACGTCATCAACACCCACGAACAGTTCGTTGTTCTGAAAGAATGGTACTCTAACCTGAAATAA
MKV_scg_36,ATGAAAGTATGGCTGGTTGGTGCTTACGGTATCGTTTCTACTACTGCTATGGTTGGTGCTCGTGCTATCGAACGTGGTATTGCTCCGAAAATCGGTCTGGTTTCTGAACTGCCGCACTTCGAAGGTATCGAAAAATATGCTCCGTTCTCTTTCGAATTTGGTGGTCACGAAATTCGTCTGCTGAGCAACGCGTACGAAGCGGCGAAAGAACATTGGGAACTGAACCGTCACTTCGACCGTGAAATCCTCGAAGCGGTAAAATCTGACCTGGAAGGTATCGTTGCTCGTAAAGGTACCGCGCTGAACTGTGGTTCTGGTATCAAAGAACTGGGTGACATCAAAACTCTGGAAGGTGAAGGTCTGTCTCTGGCGGAAATGGTTTCTCGTATCGAAGAAGATATCAAATCTTTCGCGGACGACGAAACCGTTGTTATCAACGTTGCGTCTACCGAACCGCTTCCGAACTACTCTGAAGAGTACCACGGTTCTCTGGAAGGTTTCGAACGGATGATTGACGAAGACCGTAAAGAATACGCTTCTGCGTCTATGCTGTACGCTTACGCGGCGCTGAAACTGGGTCTGCCGTACGCGAACTTCACCCCGTCTCCGGGTTCTGCGATCCCAGCGCTGAAAGAACTGGCGGAGAAAAAAGGTGTTCCGCACGCGGGTAACGACGGTAAAACCGGTGAAACCCTGGTTAAAACCACCCTGGCTCCGATGTTCGCGTACCGTAACATGGAAGTTGTTGGCTGGATGTCTTACAACATCCTCGGTGACTACGACGGTAAAGTTCTGTCTGCGCGTGACAACAAAGAATCTAAAGTTCTGAGCAAAGACAAAGTTCTGGAAAAAATGCTGGGTTACTCTCCGTACAGCATCACCGAAATCCAATACTTCCCGTCTCTGGTTGACAACAAAACCGCGTTCGACTTCGTTCACTTCAAAGGCTTCCTCGGTAAACTGATGAAATTCTACTTCATCTGGGATGCGATCGACGCGATCGTTGCGGCTCCGCTGATCCTCGACATCGCGCGTTTCCTGCTGTTCGCGAAGAAAAAAGGTGTTAAAGGTGTGGTTAAAGAAATGGCGTTCTTCTTCAAATCTCCGATGGACACCAACGTCATCAACACCCACGAACAGTTCGTTGTTCTGAAAGAATGGTACAGCAACCTGAAATAA
MKV_scg_37,ATGAAAGTATGGCTGGTTGGTGCTTACGGTATCGTTTCTACTACTGCTATGGTTGGTGCTCGTGCTATCGAACGTGGTATTGCTCCGAAAATCGGTCTGGTTTCTGAACTGCCGCACTTCGAAGGTATCGAAAAATATGCTCCGTTCTCTTTCGAATTTGGTGGTCACGAAATTCGTCTGCTGAGCAACGCGTACGAAGCGGCGAAAGAACATTGGGAACTGAACCGTCACTTCGACCGTGAAATCCTCGAAGCGGTAAAATCTGACCTGGAAGGTATCGTTGCTCGTAAAGGTACCGCGCTGAACTGTGGTTCTGGTATCAAAGAACTGGGTGACATCAAAACTCTGGAAGGTGAAGGTCTGTCTCTGGCGGAAATGGTTTCTCGTATCGAAGAAGATATCAAATCTTTCGCGGACGACGAAACCGTTGTTATCAACGTTGCGTCTACCGAACCGCTTCCGAACTACTCTGAAGAGTACCACGGTTCTCTGGAAGGTTTCGAACGGATGATTGACGAAGACCGTAAAGAATACGCTTCTGCGTCTATGCTGTACGCTTACGCGGCGCTGAAACTGGGTCTGCCGTACGCGAACTTCACCCCGTCTCCGGGTTCTGCGATCCCAGCGCTGAAAGAACTGGCGGAGAAAAAAGGTGTTCCGCACGCGGGTAACGACGGTAAAACCGGTGAAACCCTGGTTAAAACCACCCTGGCTCCGATGTTCGCGTACCGTAACATGGAAGTTGTTGGCTGGATGTCTTACAACATCCTCGGTGACTACGACGGTAAAGTTCTGTCTGCGCGTGACAACAAAGAATCTAAAGTTCTGAGCAAAGACAAAGTTCTGGAAAAAATGCTGGGTTACTCTCCGTACAGCATCACCGAAATCCAATACTTCCCGTCTCTGGTTGACAACAAAACCGCGTTCGACTTCGTTCACTTCAAAGGCTTCCTCGGTAAACTGATGAAATTCTACTTCATCTGGGATGCGATCGACGCGATCGTTGCGGCTCCGCTGATCCTCGACATCGCGCGTTTCCTGCTGTTCGCGAAGAAAAAAGGTGTTAAAGGTGTTGTTAAAGAAATGGCCTTCTTCTTCAAATCTCCGATGGACACCAACGTAATCAACACCCACGAACAGTTCGTTGTTCTGAAAGAATGGTACAGCAACCTGAAATAA
MKV_scg_38,ATGAAAGTATGGCTGGTTGGTGCTTACGGTATCGTTTCTACTACTGCTATGGTTGGTGCTCGTGCTATCGAACGTGGTATTGCTCCGAAAATCGGTCTGGTTTCTGAACTGCCGCACTTCGAAGGTATCGAAAAATATGCTCCGTTCTCTTTCGAATTTGGTGGTCACGAAATTCGTCTGCTGAGCAACGCGTACGAAGCGGCGAAAGAACATTGGGAACTGAACCGTCACTTCGACCGTGAAATCCTCGAAGCGGTAAAATCTGACCTGGAAGGTATCGTTGCTCGTAAAGGTACCGCGCTGAACTGTGGTTCTGGTATCAAAGAACTGGGTGACATCAAAACTCTGGAAGGTGAAGGTCTGTCTCTGGCGGAAATGGTTTCTCGTATCGAAGAAGATATCAAATCTTTCGCGGACGACGAAACCGTTGTTATCAACGTTGCGTCTACCGAACCGCTTCCGAACTACTCTGAAGAGTACCACGGTTCTCTGGAAGGTTTCGAACGGATGATTGACGAAGACCGTAAAGAATACGCTTCTGCGTCTATGCTGTACGCTTACGCGGCGCTGAAACTGGGTCTGCCGTACGCGAACTTCACCCCGTCTCCGGGTTCTGCGATCCCAGCGCTGAAAGAACTGGCGGAGAAAAAAGGTGTTCCGCACGCGGGTAACGACGGTAAAACCGGTGAAACCCTGGTTAAAACCACCCTGGCTCCGATGTTCGCGTACCGTAACATGGAAGTTGTTGGCTGGATGTCTTACAACATCCTCGGTGACTACGACGGTAAAGTTCTGTCTGCGCGTGACAACAAAGAATCTAAAGTTCTGAGCAAAGACAAAGTTCTGGAAAAAATGCTGGGTTACTCTCCGTACAGCATCACCGAAATCCAATACTTCCCGTCTCTGGTTGACAACAAAACCGCGTTCGACTTCGTTCACTTCAAAGGCTTCCTCGGTAAACTGATGAAATTCTACTTCATCTGGGATGCGATCGACGCGATCGTTGCGGCTCCGCTGATCCTCGACATCGCGCGTTTCCTGCTGTTCGCGAAGAAAAAAGGTGTTAAAGGTGTTGTTAAAGAAATGGCCTTCTTCTTCAAATCTCCGATGGACACCAACGTAATCAACACCCACGAACAGTTCGTTGTTCTGAAAGAATGGTACAGCAACCTGAAGTAA
MKV_scg_39,ATGAAAGTATGGCTGGTTGGTGCTTACGGTATCGTTTCTACTACTGCTATGGTTGGTGCTCGTGCTATCGAACGTGGTATTGCTCCGAAAATCGGTCTGGTTTCTGAACTGCCGCACTTCGAAGGTATCGAAAAATATGCTCCGTTCTCTTTCGAATTTGGTGGTCACGAAATTCGTCTGCTGAGCAACGCGTACGAAGCGGCGAAAGAACATTGGGAACTGAACCGTCACTTCGACCGTGAAATCCTCGAAGCGGTAAAATCTGACCTGGAAGGTATCGTTGCTCGTAAAGGTACCGCGCTGAACTGTGGTTCTGGTATCAAAGAACTGGGTGACATCAAAACTCTGGAAGGTGAAGGTCTGTCTCTGGCGGAAATGGTTTCTCGTATCGAAGAAGATATCAAATCTTTCGCGGACGACGAAACCGTTGTTATCAACGTTGCGTCTACCGAACCGCTTCCGAACTACTCTGAAGAGTACCACGGTTCTCTGGAAGGTTTCGAACGGATGATTGACGAAGACCGTAAAGAATACGCTTCTGCGTCTATGCTGTACGCTTACGCGGCGCTGAAACTGGGTCTGCCGTACGCGAACTTCACCCCGTCTCCGGGTTCTGCGATCCCAGCGCTGAAAGAACTGGCGGAGAAAAAAGGTGTTCCGCACGCGGGTAACGACGGTAAAACCGGTGAAACCCTGGTTAAAACCACCCTGGCTCCGATGTTCGCGTACCGTAACATGGAAGTTGTTGGCTGGATGTCTTACAACATCCTCGGTGACTACGACGGTAAAGTTCTGTCTGCGCGTGACAACAAAGAATCTAAAGTTCTGAGCAAAGACAAAGTTCTGGAAAAAATGCTGGGTTACTCTCCGTACAGCATCACCGAAATCCAATACTTCCCGTCTCTGGTTGACAACAAAACCGCGTTCGACTTCGTTCACTTCAAAGGCTTCCTCGGTAAACTGATGAAATTCTACTTCATCTGGGATGCGATCGACGCGATCGTTGCGGCTCCGCTGATCCTCGACATCGCGCGTTTCCTGCTGTTCGCGAAGAAAAAAGGTGTTAAAGGTGTTGTTAAAGAAATGGCCTTCTTCTTCAAATCTCCGATGGATACCAACGTTATCAACACCCACGAACAGTTCGTTGTTCTGAAAGAATGGTACAGCAACCTGAAATAA
MKV_scg_40,ATGAAAGTATGGCTGGTTGGTGCTTACGGTATCGTTTCTACTACTGCTATGGTTGGTGCTCGTGCTATCGAACGTGGTATTGCTCCGAAAATCGGTCTGGTTTCTGAACTGCCGCACTTCGAAGGTATCGAAAAATATGCTCCGTTCTCTTTCGAATTTGGTGGTCACGAAATTCGTCTGCTGAGCAACGCGTACGAAGCGGCGAAAGAACATTGGGAACTGAACCGTCACTTCGACCGTGAAATCCTCGAAGCGGTAAAATCTGACCTGGAAGGTATCGTTGCTCGTAAAGGTACCGCGCTGAACTGTGGTTCTGGTATCAAAGAACTGGGTGACATCAAAACTCTGGAAGGTGAAGGTCTGTCTCTGGCGGAAATGGTTTCTCGTATCGAAGAAGATATCAAATCTTTCGCGGACGACGAAACCGTTGTTATCAACGTTGCGTCTACCGAACCGCTTCCGAACTACTCTGAAGAGTACCACGGTTCTCTGGAAGGTTTCGAACGGATGATTGACGAAGACCGTAAAGAATACGCTTCTGCGTCTATGCTGTACGCTTACGCGGCGCTGAAACTGGGTCTGCCGTACGCGAACTTCACCCCGTCTCCGGGTTCTGCGATCCCAGCGCTGAAAGAACTGGCGGAGAAAAAAGGTGTTCCGCACGCGGGTAACGACGGTAAAACCGGTGAAACCCTGGTTAAAACCACTCTGGCTCCGATGTTCGCGTACCGTAACATGGAAGTTGTTGGCTGGATGTCTTACAACATCCTCGGTGACTACGACGGTAAAGTTCTGTCTGCGCGTGACAACAAAGAATCTAAAGTTCTGAGCAAAGACAAAGTTCTGGAAAAAATGCTGGGTTACTCTCCGTACAGCATCACCGAAATCCAATACTTCCCGTCTCTGGTTGACAACAAAACCGCGTTCGACTTCGTTCACTTCAAAGGCTTCCTCGGTAAACTGATGAAATTCTACTTCATCTGGGATGCGATCGACGCGATCGTTGCGGCTCCGCTGATCCTCGACATCGCGCGTTTCCTGCTGTTCGCGAAGAAAAAAGGTGTTAAAGGTGTTGTTAAAGAAATGGCCTTCTTCTTCAAATCTCCGATGGACACCAACGTAATCAACACCCACGAACAGTTCGTTGTTCTGAAAGAATGGTACAGCAACCTGAAGTAA
MKV_scg_41,ATGAAAGTATGGCTGGTTGGTGCTTACGGTATCGTTTCTACTACTGCTATGGTTGGTGCTCGTGCTATCGAACGTGGTATTGCTCCGAAAATCGGTCTGGTTTCTGAACTGCCGCACTTCGAAGGTATCGAAAAATATGCTCCGTTCTCTTTCGAATTTGGTGGTCACGAAATTCGTCTGCTGAGCAACGCGTACGAAGCGGCGAAAGAACATTGGGAACTGAACCGTCACTTCGACCGTGAAATCCTCGAAGCGGTAAAATCTGACCTGGAAGGTATCGTTGCTCGTAAAGGTACCGCGCTGAACTGTGGTTCTGGTATCAAAGAACTGGGTGACATCAAAACTCTGGAAGGTGAAGGTCTGTCTCTGGCGGAAATGGTTTCTCGTATCGAAGAAGATATCAAATCTTTCGCGGACGACGAAACCGTTGTTATCAACGTTGCGTCTACCGAACCGCTTCCGAACTACTCTGAAGAGTACCACGGTTCTCTGGAAGGTTTCGAACGGATGATTGACGAAGACCGTAAAGAATACGCTTCTGCGTCTATGCTGTACGCTTACGCGGCGCTGAAACTGGGTCTGCCGTACGCGAACTTCACCCCGTCTCCGGGTTCTGCGATCCCAGCGCTGAAAGAACTGGCGGAGAAAAAAGGTGTTCCGCACGCGGGTAACGACGGTAAAACCGGTGAAACCCTGGTTAAAACCACCCTGGCTCCGATGTTCGCGTACCGTAACATGGAAGTTGTTGGCTGGATGTCTTACAACATCCTCGGTGACTACGACGGTAAAGTTCTGTCTGCGCGTGACAACAAAGAATCTAAAGTTCTGAGCAAAGACAAAGTTCTGGAAAAAATGCTGGGTTACTCTCCGTACAGCATCACCGAAATCCAATACTTCCCGTCTCTGGTTGACAACAAAACCGCGTTCGACTTCGTTCACTTCAAAGGCTTCCTCGGTAAACTGATGAAATTCTACTTCATCTGGGATGCGATCGACGCGATCGTTGCGGCTCCGCTGATCCTCGACATCGCGCGTTTCCTGCTGTTCGCGAAGAAAAAAGGTGTTAAAGGTGTGGTTAAAGAAATGGCGTTCTTCTTCAAATCTCCGATGGACACCAACGTCATCAACACCCACGAACAGTTCGTTGTTCTGAAAGAGTGGTACAGCAACCTGAAATAA
MKV_scg_42,ATGAAAGTATGGCTGGTTGGTGCTTACGGTATCGTTTCTACTACTGCTATGGTTGGTGCTCGTGCTATCGAACGTGGTATTGCTCCGAAAATCGGTCTGGTTTCTGAACTGCCGCACTTCGAAGGTATCGAAAAATATGCTCCGTTCTCTTTCGAATTTGGTGGTCACGAAATTCGTCTGCTGAGCAACGCGTACGAAGCGGCGAAAGAACATTGGGAACTGAACCGTCACTTCGACCGTGAAATCCTCGAAGCGGTAAAATCTGACCTGGAAGGTATCGTTGCTCGTAAAGGTACCGCGCTGAACTGTGGTTCTGGTATCAAAGAACTGGGTGACATCAAAACTCTGGAAGGTGAAGGTCTGTCTCTGGCGGAAATGGTTTCTCGTATCGAAGAAGATATCAAATCTTTCGCGGACGACGAAACCGTTGTTATCAACGTTGCGTCTACCGAACCGCTTCCGAACTACTCTGAAGAGTACCACGGTTCTCTGGAAGGTTTCGAACGGATGATTGACGAAGACCGTAAAGAATACGCTTCTGCGTCTATGCTGTACGCTTACGCGGCGCTGAAACTGGGTCTGCCGTACGCGAACTTCACCCCGTCTCCGGGTTCTGCGATCCCAGCGCTGAAAGAACTGGCGGAGAAAAAAGGTGTTCCGCACGCGGGTAACGACGGTAAAACCGGTGAAACCCTGGTTAAAACCACCCTGGCTCCGATGTTCGCGTACCGTAACATGGAAGTTGTTGGCTGGATGTCTTACAACATCCTCGGTGACTACGACGGTAAAGTTCTGTCTGCGCGTGACAACAAAGAATCTAAAGTTCTGAGCAAAGACAAAGTTCTGGAAAAAATGCTGGGTTACTCTCCGTACAGCATCACCGAAATCCAATACTTCCCGTCTCTGGTTGACAACAAAACCGCGTTCGACTTCGTTCACTTCAAAGGCTTCCTCGGTAAACTGATGAAATTCTACTTCATCTGGGATGCGATCGACGCGATCGTTGCGGCTCCGCTGATCCTCGACATCGCGCGTTTCCTGCTGTTCGCGAAGAAAAAAGGTGTTAAAGGTGTTGTTAAAGAAATGGCATTCTTCTTCAAATCTCCGATGGACACCAACGTCATCAACACCCACGAACAGTTCGTTGTTCTGAAAGAATGGTACAGCAACCTGAAATAA
MKV_scg_43,ATGAAAGTATGGCTGGTTGGTGCTTACGGTATCGTTTCTACTACTGCTATGGTTGGTGCTCGTGCTATCGAACGTGGTATTGCTCCGAAAATCGGTCTGGTTTCTGAACTGCCGCACTTCGAAGGTATCGAAAAATATGCTCCGTTCTCTTTCGAATTTGGTGGTCACGAAATTCGTCTGCTGAGCAACGCGTACGAAGCGGCGAAAGAACATTGGGAACTGAACCGTCACTTCGACCGTGAAATCCTCGAAGCGGTAAAATCTGACCTGGAAGGTATCGTTGCTCGTAAAGGTACCGCGCTGAACTGTGGTTCTGGTATCAAAGAACTGGGTGACATCAAAACTCTGGAAGGTGAAGGTCTGTCTCTGGCGGAAATGGTTTCTCGTATCGAAGAAGATATCAAATCTTTCGCGGACGACGAAACCGTTGTTATCAACGTTGCGTCTACCGAACCGCTTCCGAACTACTCTGAAGAGTACCACGGTTCTCTGGAAGGTTTCGAACGGATGATTGACGAAGACCGTAAAGAATACGCTTCTGCGTCTATGCTGTACGCTTACGCGGCGCTGAAACTGGGTCTGCCGTACGCGAACTTCACCCCGTCTCCGGGTTCTGCGATCCCAGCGCTGAAAGAACTGGCGGAGAAAAAAGGTGTTCCGCACGCGGGTAACGACGGTAAAACCGGTGAAACCCTGGTTAAAACCACCCTGGCTCCGATGTTCGCGTACCGTAACATGGAAGTTGTTGGCTGGATGTCTTACAACATCCTCGGTGACTACGACGGTAAAGTTCTGTCTGCGCGTGACAACAAAGAATCTAAAGTTCTGAGCAAAGACAAAGTTCTGGAAAAAATGCTGGGTTACTCTCCGTACAGCATCACCGAAATCCAATACTTCCCGTCTCTGGTTGACAACAAAACCGCGTTCGACTTCGTTCACTTCAAAGGCTTCCTCGGTAAACTGATGAAATTCTACTTCATCTGGGATGCGATCGACGCGATCGTTGCGGCTCCGCTGATCCTCGACATCGCGCGTTTCCTGCTGTTCGCGAAGAAAAAAGGTGTTAAAGGCGTTGTTAAAGAAATGGCGTTCTTCTTCAAATCTCCGATGGACACCAACGTTATCAACACCCACGAACAGTTCGTTGTTCTGAAAGAATGGTACAGCAACCTGAAATAA
MKV_scg_44,ATGAAAGTATGGCTGGTTGGTGCTTACGGTATCGTTTCTACTACTGCTATGGTTGGTGCTCGTGCTATCGAACGTGGTATTGCTCCGAAAATCGGTCTGGTTTCTGAACTGCCGCACTTCGAAGGTATCGAAAAATATGCTCCGTTCTCTTTCGAATTTGGTGGTCACGAAATTCGTCTGCTGAGCAACGCGTACGAAGCGGCGAAAGAACATTGGGAACTGAACCGTCACTTCGACCGTGAAATCCTCGAAGCGGTAAAATCTGACCTGGAAGGTATCGTTGCTCGTAAAGGTACCGCGCTGAACTGTGGTTCTGGTATCAAAGAACTGGGTGACATCAAAACTCTGGAAGGTGAAGGTCTGTCTCTGGCGGAAATGGTTTCTCGTATCGAAGAAGATATCAAATCTTTCGCGGACGACGAAACCGTTGTTATCAACGTTGCGTCTACCGAACCGCTTCCGAACTACTCTGAAGAGTACCACGGTTCTCTGGAAGGTTTCGAACGGATGATTGACGAAGACCGTAAAGAATACGCTTCTGCGTCTATGCTGTACGCTTACGCGGCGCTGAAACTGGGTCTGCCGTACGCGAACTTCACCCCGTCTCCGGGTTCTGCGATCCCAGCGCTGAAAGAACTGGCGGAGAAAAAAGGTGTTCCGCACGCGGGTAACGACGGTAAAACCGGTGAAACCCTGGTTAAAACCACCCTGGCTCCGATGTTCGCGTACCGTAACATGGAAGTTGTTGGCTGGATGTCTTACAACATCCTCGGTGACTACGACGGTAAAGTTCTGTCTGCGCGTGACAACAAAGAATCTAAAGTTCTGAGCAAAGACAAAGTTCTGGAAAAAATGCTGGGTTACTCTCCGTACAGCATCACCGAAATCCAATACTTCCCGTCTCTGGTTGACAACAAAACCGCGTTCGACTTCGTTCACTTCAAAGGCTTCCTCGGTAAACTGATGAAATTCTACTTCATCTGGGATGCGATCGACGCGATCGTTGCGGCTCCGCTGATCCTCGACATCGCGCGTTTCCTGCTGTTCGCGAAGAAAAAAGGTGTTAAAGGTGTTGTTAAAGAAATGGCCTTCTTCTTCAAATCCCCGATGGACACCAACGTTATCAACACCCACGAACAGTTCGTTGTTCTGAAAGAATGGTACAGCAACCTGAAGTAA
MKV_scg_45,ATGAAAGTATGGCTGGTTGGTGCTTACGGTATCGTTTCTACTACTGCTATGGTTGGTGCTCGTGCTATCGAACGTGGTATTGCTCCGAAAATCGGTCTGGTTTCTGAACTGCCGCACTTCGAAGGTATCGAAAAATATGCTCCGTTCTCTTTCGAATTTGGTGGTCACGAAATTCGTCTGCTGAGCAACGCGTACGAAGCGGCGAAAGAACATTGGGAACTGAACCGTCACTTCGACCGTGAAATCCTCGAAGCGGTAAAATCTGACCTGGAAGGTATCGTTGCTCGTAAAGGTACCGCGCTGAACTGTGGTTCTGGTATCAAAGAACTGGGTGACATCAAAACTCTGGAAGGTGAAGGTCTGTCTCTGGCGGAAATGGTTTCTCGTATCGAAGAAGATATCAAATCTTTCGCGGACGACGAAACCGTTGTTATCAACGTTGCGTCTACCGAACCGCTTCCGAACTACTCTGAAGAGTACCACGGTTCTCTGGAAGGTTTCGAACGGATGATTGACGAAGACCGTAAAGAATACGCTTCTGCGTCTATGCTGTACGCTTACGCGGCGCTGAAACTGGGTCTGCCGTACGCGAACTTCACCCCGTCTCCGGGTTCTGCGATCCCAGCGCTGAAAGAACTGGCGGAGAAAAAAGGTGTTCCGCACGCGGGTAACGACGGTAAAACCGGTGAAACCCTGGTTAAAACCACCCTGGCTCCGATGTTCGCGTACCGTAACATGGAAGTTGTTGGCTGGATGTCTTACAACATCCTCGGTGACTACGACGGTAAAGTTCTGTCTGCGCGTGACAACAAAGAATCTAAAGTTCTGAGCAAAGACAAAGTTCTGGAAAAAATGCTGGGTTACTCTCCGTACAGCATCACCGAAATCCAATACTTCCCGTCTCTGGTTGACAACAAAACCGCGTTCGACTTCGTTCACTTCAAAGGCTTCCTCGGTAAACTGATGAAATTCTACTTCATCTGGGATGCGATCGACGCGATCGTTGCGGCTCCGCTGATCCTCGACATCGCGCGTTTCCTGCTGTTCGCGAAGAAGAAAGGTGTTAAAGGTGTTGTTAAAGAAATGGCATTCTTCTTCAAATCTCCGATGGACACCAACGTTATCAACACCCACGAACAGTTCGTTGTTCTGAAAGAATGGTACAGCAACCTGAAATAA
MKV_scg_46,ATGAAAGTATGGCTGGTTGGTGCTTACGGTATCGTTTCTACTACTGCTATGGTTGGTGCTCGTGCTATCGAACGTGGTATTGCTCCGAAAATCGGTCTGGTTTCTGAACTGCCGCACTTCGAAGGTATCGAAAAATATGCTCCGTTCTCTTTCGAATTTGGTGGTCACGAAATTCGTCTGCTGAGCAACGCGTACGAAGCGGCGAAAGAACATTGGGAACTGAACCGTCACTTCGACCGTGAAATCCTCGAAGCGGTAAAATCTGACCTGGAAGGTATCGTTGCTCGTAAAGGTACCGCGCTGAACTGTGGTTCTGGTATCAAAGAACTGGGTGACATCAAAACTCTGGAAGGTGAAGGTCTGTCTCTGGCGGAAATGGTTTCTCGTATCGAAGAAGATATCAAATCTTTCGCGGACGACGAAACCGTTGTTATCAACGTTGCGTCTACCGAACCGCTTCCGAACTACTCTGAAGAGTACCACGGTTCTCTGGAAGGTTTCGAACGGATGATTGACGAAGACCGTAAAGAATACGCTTCTGCGTCTATGCTGTACGCTTACGCGGCGCTGAAACTGGGTCTGCCGTACGCGAACTTCACCCCGTCTCCGGGTTCTGCGATCCCAGCGCTGAAAGAACTGGCGGAGAAAAAAGGTGTTCCGCACGCGGGTAACGACGGTAAAACCGGTGAAACCCTGGTTAAAACCACTCTGGCTCCGATGTTCGCGTACCGTAACATGGAAGTTGTTGGCTGGATGTCTTACAACATCCTCGGTGACTACGACGGTAAAGTTCTGTCTGCGCGTGACAACAAAGAATCTAAAGTTCTGAGCAAAGACAAAGTTCTGGAAAAAATGCTGGGTTACTCTCCGTACAGCATCACCGAAATCCAATACTTCCCGTCTCTGGTTGACAACAAAACCGCGTTCGACTTCGTTCACTTCAAAGGCTTCCTCGGTAAACTGATGAAATTCTACTTCATCTGGGATGCGATCGACGCGATCGTTGCGGCTCCGCTGATCCTCGACATCGCGCGTTTCCTGCTGTTCGCGAAGAAAAAAGGTGTTAAAGGTGTTGTTAAAGAAATGGCCTTCTTCTTCAAATCCCCGATGGACACCAACGTTATCAACACCCACGAACAGTTCGTTGTTCTGAAAGAATGGTACAGCAACCTGAAGTAA
MKV_scg_47,ATGAAAGTATGGCTGGTTGGTGCTTACGGTATCGTTTCTACTACTGCTATGGTTGGTGCTCGTGCTATCGAACGTGGTATTGCTCCGAAAATCGGTCTGGTTTCTGAACTGCCGCACTTCGAAGGTATCGAAAAATATGCTCCGTTCTCTTTCGAATTTGGTGGTCACGAAATTCGTCTGCTGAGCAACGCGTACGAAGCGGCGAAAGAACATTGGGAACTGAACCGTCACTTCGACCGTGAAATCCTCGAAGCGGTAAAATCTGACCTGGAAGGTATCGTTGCTCGTAAAGGTACCGCGCTGAACTGTGGTTCTGGTATCAAAGAACTGGGTGACATCAAAACTCTGGAAGGTGAAGGTCTGTCTCTGGCGGAAATGGTTTCTCGTATCGAAGAAGATATCAAATCTTTCGCGGACGACGAAACCGTTGTTATCAACGTTGCGTCTACCGAACCGCTTCCGAACTACTCTGAAGAGTACCACGGTTCTCTGGAAGGTTTCGAACGGATGATTGACGAAGACCGTAAAGAATACGCTTCTGCGTCTATGCTGTACGCTTACGCGGCGCTGAAACTGGGTCTGCCGTACGCGAACTTCACCCCGTCTCCGGGTTCTGCGATCCCAGCGCTGAAAGAACTGGCGGAGAAAAAAGGTGTTCCGCACGCGGGTAACGACGGTAAAACCGGTGAAACCCTGGTTAAAACCACCCTGGCTCCGATGTTCGCGTACCGTAACATGGAAGTTGTTGGCTGGATGTCTTACAACATCCTCGGTGACTACGACGGTAAAGTTCTGTCTGCGCGTGACAACAAAGAATCTAAAGTTCTGAGCAAAGACAAAGTTCTGGAAAAAATGCTGGGTTACTCTCCGTACAGCATCACCGAAATCCAATACTTCCCGTCTCTGGTTGACAACAAAACCGCGTTCGACTTCGTTCACTTCAAAGGCTTCCTCGGTAAACTGATGAAATTCTACTTCATCTGGGATGCGATCGACGCGATCGTTGCGGCTCCGCTGATCCTCGACATCGCGCGTTTCCTGCTGTTCGCGAAGAAAAAAGGTGTTAAAGGTGTGGTTAAAGAAATGGCGTTCTTCTTCAAATCTCCGATGGACACCAACGTCATCAACACCCACGAACAGTTCGTTGTTCTGAAAGAATGGTACTCCAACCTGAAATAA
MKV_scg_48,ATGAAAGTATGGCTGGTTGGTGCTTACGGTATCGTTTCTACTACTGCTATGGTTGGTGCTCGTGCTATCGAACGTGGTATTGCTCCGAAAATCGGTCTGGTTTCTGAACTGCCGCACTTCGAAGGTATCGAAAAATATGCTCCGTTCTCTTTCGAATTTGGTGGTCACGAAATTCGTCTGCTGAGCAACGCGTACGAAGCGGCGAAAGAACATTGGGAACTGAACCGTCACTTCGACCGTGAAATCCTCGAAGCGGTAAAATCTGACCTGGAAGGTATCGTTGCTCGTAAAGGTACCGCGCTGAACTGTGGTTCTGGTATCAAAGAACTGGGTGACATCAAAACTCTGGAAGGTGAAGGTCTGTCTCTGGCGGAAATGGTTTCTCGTATCGAAGAAGATATCAAATCTTTCGCGGACGACGAAACCGTTGTTATCAACGTTGCGTCTACCGAACCGCTTCCGAACTACTCTGAAGAGTACCACGGTTCTCTGGAAGGTTTCGAACGGATGATTGACGAAGACCGTAAAGAATACGCTTCTGCGTCTATGCTGTACGCTTACGCGGCGCTGAAACTGGGTCTGCCGTACGCGAACTTCACCCCGTCTCCGGGTTCTGCGATCCCAGCGCTGAAAGAACTGGCGGAGAAAAAAGGTGTTCCGCACGCGGGTAACGACGGTAAAACCGGTGAAACCCTGGTTAAAACCACTCTGGCTCCGATGTTCGCGTACCGTAACATGGAAGTTGTTGGCTGGATGTCTTACAACATCCTCGGTGACTACGACGGTAAAGTTCTGTCTGCGCGTGACAACAAAGAATCTAAAGTTCTGAGCAAAGACAAAGTTCTGGAAAAAATGCTGGGTTACTCTCCGTACAGCATCACCGAAATCCAATACTTCCCGTCTCTGGTTGACAACAAAACCGCGTTCGACTTCGTTCACTTCAAAGGCTTCCTCGGTAAACTGATGAAATTCTACTTCATCTGGGATGCGATCGACGCGATCGTTGCGGCTCCGCTGATCCTCGACATCGCGCGTTTCCTGCTGTTCGCGAAGAAAAAAGGTGTTAAAGGTGTTGTTAAAGAAATGGCCTTCTTCTTCAAATCCCCGATGGACACCAACGTTATCAACACCCACGAACAGTTCGTTGTTCTGAAAGAATGGTACAGCAACCTGAAATAA
MKV_scg_49,ATGAAAGTATGGCTGGTTGGTGCTTACGGTATCGTTTCTACTACTGCTATGGTTGGTGCTCGTGCTATCGAACGTGGTATTGCTCCGAAAATCGGTCTGGTTTCTGAACTGCCGCACTTCGAAGGTATCGAAAAATATGCTCCGTTCTCTTTCGAATTTGGTGGTCACGAAATTCGTCTGCTGAGCAACGCGTACGAAGCGGCGAAAGAACATTGGGAACTGAACCGTCACTTCGACCGTGAAATCCTCGAAGCGGTAAAATCTGACCTGGAAGGTATCGTTGCTCGTAAAGGTACCGCGCTGAACTGTGGTTCTGGTATCAAAGAACTGGGTGACATCAAAACTCTGGAAGGTGAAGGTCTGTCTCTGGCGGAAATGGTTTCTCGTATCGAAGAAGATATCAAATCTTTCGCGGACGACGAAACCGTTGTTATCAACGTTGCGTCTACCGAACCGCTTCCGAACTACTCTGAAGAGTACCACGGTTCTCTGGAAGGTTTCGAACGGATGATTGACGAAGACCGTAAAGAATACGCTTCTGCGTCTATGCTGTACGCTTACGCGGCGCTGAAACTGGGTCTGCCGTACGCGAACTTCACCCCGTCTCCGGGTTCTGCGATCCCAGCGCTGAAAGAACTGGCGGAGAAAAAAGGTGTTCCGCACGCGGGTAACGACGGTAAAACCGGTGAAACCCTGGTTAAAACCACCCTGGCTCCGATGTTCGCGTACCGTAACATGGAAGTTGTTGGCTGGATGTCTTACAACATCCTCGGTGACTACGACGGTAAAGTTCTGTCTGCGCGTGACAACAAAGAATCTAAAGTTCTGAGCAAAGACAAAGTTCTGGAAAAAATGCTGGGTTACTCTCCGTACAGCATCACCGAAATCCAATACTTCCCGTCTCTGGTTGACAACAAAACCGCGTTCGACTTCGTTCACTTCAAAGGCTTCCTCGGTAAACTGATGAAATTCTACTTCATCTGGGATGCGATCGACGCGATCGTTGCGGCTCCGCTGATCCTCGACATCGCGCGTTTCCTGCTGTTCGCGAAGAAAAAAGGTGTTAAAGGCGTAGTTAAAGAAATGGCATTCTTCTTCAAATCTCCGATGGACACCAACGTTATCAACACCCACGAACAGTTCGTTGTTCTGAAAGAATGGTACAGCAACCTGAAATAA
MKV_scg_50,ATGAAAGTATGGCTGGTTGGTGCTTACGGTATCGTTTCTACTACTGCTATGGTTGGTGCTCGTGCTATCGAACGTGGTATTGCTCCGAAAATCGGTCTGGTTTCTGAACTGCCGCACTTCGAAGGTATCGAAAAATATGCTCCGTTCTCTTTCGAATTTGGTGGTCACGAAATTCGTCTGCTGAGCAACGCGTACGAAGCGGCGAAAGAACATTGGGAACTGAACCGTCACTTCGACCGTGAAATCCTCGAAGCGGTAAAATCTGACCTGGAAGGTATCGTTGCTCGTAAAGGTACCGCGCTGAACTGTGGTTCTGGTATCAAAGAACTGGGTGACATCAAAACTCTGGAAGGTGAAGGTCTGTCTCTGGCGGAAATGGTTTCTCGTATCGAAGAAGATATCAAATCTTTCGCGGACGACGAAACCGTTGTTATCAACGTTGCGTCTACCGAACCGCTTCCGAACTACTCTGAAGAGTACCACGGTTCTCTGGAAGGTTTCGAACGGATGATTGACGAAGACCGTAAAGAATACGCTTCTGCGTCTATGCTGTACGCTTACGCGGCGCTGAAACTGGGTCTGCCGTACGCGAACTTCACCCCGTCTCCGGGTTCTGCGATCCCAGCGCTGAAAGAACTGGCGGAGAAAAAAGGTGTTCCGCACGCGGGTAACGACGGTAAAACCGGTGAAACCCTGGTTAAAACCACCCTGGCTCCGATGTTCGCGTACCGTAACATGGAAGTTGTTGGCTGGATGTCTTACAACATCCTCGGTGACTACGACGGTAAAGTTCTGTCTGCGCGTGACAACAAAGAATCTAAAGTTCTGAGCAAAGACAAAGTTCTGGAAAAAATGCTGGGTTACTCTCCGTACAGCATCACCGAAATCCAATACTTCCCGTCTCTGGTTGACAACAAAACCGCGTTCGACTTCGTTCACTTCAAAGGCTTCCTCGGTAAACTGATGAAATTCTACTTCATCTGGGATGCGATCGACGCGATCGTTGCGGCTCCGCTGATCCTCGACATCGCGCGTTTCCTGCTGTTCGCGAAGAAAAAAGGTGTTAAAGGTGTTGTTAAAGAAATGGCCTTCTTCTTCAAATCTCCGATGGACACCAACGTAATCAACACCCACGAACAGTTCGTTGTTCTGAAAGAATGGTACTCCAACCTGAAATAA
MKV_scg_51,ATGAAAGTATGGCTGGTTGGTGCTTACGGTATCGTTTCTACTACTGCTATGGTTGGTGCTCGTGCTATCGAACGTGGTATTGCTCCGAAAATCGGTCTGGTTTCTGAACTGCCGCACTTCGAAGGTATCGAAAAATATGCTCCGTTCTCTTTCGAATTTGGTGGTCACGAAATTCGTCTGCTGAGCAACGCGTACGAAGCGGCGAAAGAACATTGGGAACTGAACCGTCACTTCGACCGTGAAATCCTCGAAGCGGTAAAATCTGACCTGGAAGGTATCGTTGCTCGTAAAGGTACCGCGCTGAACTGTGGTTCTGGTATCAAAGAACTGGGTGACATCAAAACTCTGGAAGGTGAAGGTCTGTCTCTGGCGGAAATGGTTTCTCGTATCGAAGAAGATATCAAATCTTTCGCGGACGACGAAACCGTTGTTATCAACGTTGCGTCTACCGAACCGCTTCCGAACTACTCTGAAGAGTACCACGGTTCTCTGGAAGGTTTCGAACGGATGATTGACGAAGACCGTAAAGAATACGCTTCTGCGTCTATGCTGTACGCTTACGCGGCGCTGAAACTGGGTCTGCCGTACGCGAACTTCACCCCGTCTCCGGGTTCTGCGATCCCAGCGCTGAAAGAACTGGCGGAGAAAAAAGGTGTTCCGCACGCGGGTAACGACGGTAAAACCGGTGAAACCCTGGTTAAAACCACTCTGGCTCCGATGTTCGCGTACCGTAACATGGAAGTTGTTGGCTGGATGTCTTACAACATCCTCGGTGACTACGACGGTAAAGTTCTGTCTGCGCGTGACAACAAAGAATCTAAAGTTCTGAGCAAAGACAAAGTTCTGGAAAAAATGCTGGGTTACTCTCCGTACAGCATCACCGAAATCCAATACTTCCCGTCTCTGGTTGACAACAAAACCGCGTTCGACTTCGTTCACTTCAAAGGCTTCCTCGGTAAACTGATGAAATTCTACTTCATCTGGGATGCGATCGACGCGATCGTTGCGGCTCCGCTGATCCTCGACATCGCGCGTTTCCTGCTGTTCGCGAAGAAAAAAGGTGTTAAAGGTGTTGTTAAAGAAATGGCCTTCTTCTTCAAATCTCCGATGGACACCAACGTCATCAACACCCACGAACAGTTCGTTGTTCTGAAAGAATGGTACAGCAACCTGAAGTAA
MKV_scg_52,ATGAAAGTATGGCTGGTTGGTGCTTACGGTATCGTTTCTACTACTGCTATGGTTGGTGCTCGTGCTATCGAACGTGGTATTGCTCCGAAAATCGGTCTGGTTTCTGAACTGCCGCACTTCGAAGGTATCGAAAAATATGCTCCGTTCTCTTTCGAATTTGGTGGTCACGAAATTCGTCTGCTGAGCAACGCGTACGAAGCGGCGAAAGAACATTGGGAACTGAACCGTCACTTCGACCGTGAAATCCTCGAAGCGGTAAAATCTGACCTGGAAGGTATCGTTGCTCGTAAAGGTACCGCGCTGAACTGTGGTTCTGGTATCAAAGAACTGGGTGACATCAAAACTCTGGAAGGTGAAGGTCTGTCTCTGGCGGAAATGGTTTCTCGTATCGAAGAAGATATCAAATCTTTCGCGGACGACGAAACCGTTGTTATCAACGTTGCGTCTACCGAACCGCTTCCGAACTACTCTGAAGAGTACCACGGTTCTCTGGAAGGTTTCGAACGGATGATTGACGAAGACCGTAAAGAATACGCTTCTGCGTCTATGCTGTACGCTTACGCGGCGCTGAAACTGGGTCTGCCGTACGCGAACTTCACCCCGTCTCCGGGTTCTGCGATCCCAGCGCTGAAAGAACTGGCGGAGAAAAAAGGTGTTCCGCACGCGGGTAACGACGGTAAAACCGGTGAAACCCTGGTTAAAACCACTCTGGCTCCGATGTTCGCGTACCGTAACATGGAAGTTGTTGGCTGGATGTCTTACAACATCCTCGGTGACTACGACGGTAAAGTTCTGTCTGCGCGTGACAACAAAGAATCTAAAGTTCTGAGCAAAGACAAAGTTCTGGAAAAAATGCTGGGTTACTCTCCGTACAGCATCACCGAAATCCAATACTTCCCGTCTCTGGTTGACAACAAAACCGCGTTCGACTTCGTTCACTTCAAAGGCTTCCTCGGTAAACTGATGAAATTCTACTTCATCTGGGATGCGATCGACGCGATCGTTGCGGCTCCGCTGATCCTCGACATCGCGCGTTTCCTGCTGTTCGCGAAGAAAAAAGGTGTTAAAGGTGTTGTTAAAGAAATGGCATTCTTCTTCAAATCTCCGATGGACACCAACGTCATCAACACCCACGAACAGTTCGTTGTTCTGAAAGAATGGTACTCCAACCTGAAATAA
MKV_scg_53,ATGAAAGTATGGCTGGTTGGTGCTTACGGTATCGTTTCTACTACTGCTATGGTTGGTGCTCGTGCTATCGAACGTGGTATTGCTCCGAAAATCGGTCTGGTTTCTGAACTGCCGCACTTCGAAGGTATCGAAAAATATGCTCCGTTCTCTTTCGAATTTGGTGGTCACGAAATTCGTCTGCTGAGCAACGCGTACGAAGCGGCGAAAGAACATTGGGAACTGAACCGTCACTTCGACCGTGAAATCCTCGAAGCGGTAAAATCTGACCTGGAAGGTATCGTTGCTCGTAAAGGTACCGCGCTGAACTGTGGTTCTGGTATCAAAGAACTGGGTGACATCAAAACTCTGGAAGGTGAAGGTCTGTCTCTGGCGGAAATGGTTTCTCGTATCGAAGAAGATATCAAATCTTTCGCGGACGACGAAACCGTTGTTATCAACGTTGCGTCTACCGAACCGCTTCCGAACTACTCTGAAGAGTACCACGGTTCTCTGGAAGGTTTCGAACGGATGATTGACGAAGACCGTAAAGAATACGCTTCTGCGTCTATGCTGTACGCTTACGCGGCGCTGAAACTGGGTCTGCCGTACGCGAACTTCACCCCGTCTCCGGGTTCTGCGATCCCAGCGCTGAAAGAACTGGCGGAGAAAAAAGGTGTTCCGCACGCGGGTAACGACGGTAAAACCGGTGAAACCCTGGTTAAAACCACCCTGGCTCCGATGTTCGCGTACCGTAACATGGAAGTTGTTGGCTGGATGTCTTACAACATCCTCGGTGACTACGACGGTAAAGTTCTGTCTGCGCGTGACAACAAAGAATCTAAAGTTCTGAGCAAAGACAAAGTTCTGGAAAAAATGCTGGGTTACTCTCCGTACAGCATCACCGAAATCCAATACTTCCCGTCTCTGGTTGACAACAAAACCGCGTTCGACTTCGTTCACTTCAAAGGCTTCCTCGGTAAACTGATGAAATTCTACTTCATCTGGGATGCGATCGACGCGATCGTTGCGGCTCCGCTGATCCTCGACATCGCGCGTTTCCTGCTGTTCGCGAAGAAAAAAGGTGTTAAAGGTGTTGTTAAAGAAATGGCGTTCTTCTTCAAATCTCCGATGGACACCAACGTTATCAACACCCACGAACAGTTCGTTGTTCTGAAAGAATGGTACAGCAACCTGAAATAA
MKV_scg_54,ATGAAAGTATGGCTGGTTGGTGCTTACGGTATCGTTTCTACTACTGCTATGGTTGGTGCTCGTGCTATCGAACGTGGTATTGCTCCGAAAATCGGTCTGGTTTCTGAACTGCCGCACTTCGAAGGTATCGAAAAATATGCTCCGTTCTCTTTCGAATTTGGTGGTCACGAAATTCGTCTGCTGAGCAACGCGTACGAAGCGGCGAAAGAACATTGGGAACTGAACCGTCACTTCGACCGTGAAATCCTCGAAGCGGTAAAATCTGACCTGGAAGGTATCGTTGCTCGTAAAGGTACCGCGCTGAACTGTGGTTCTGGTATCAAAGAACTGGGTGACATCAAAACTCTGGAAGGTGAAGGTCTGTCTCTGGCGGAAATGGTTTCTCGTATCGAAGAAGATATCAAATCTTTCGCGGACGACGAAACCGTTGTTATCAACGTTGCGTCTACCGAACCGCTTCCGAACTACTCTGAAGAGTACCACGGTTCTCTGGAAGGTTTCGAACGGATGATTGACGAAGACCGTAAAGAATACGCTTCTGCGTCTATGCTGTACGCTTACGCGGCGCTGAAACTGGGTCTGCCGTACGCGAACTTCACCCCGTCTCCGGGTTCTGCGATCCCAGCGCTGAAAGAACTGGCGGAGAAAAAAGGTGTTCCGCACGCGGGTAACGACGGTAAAACCGGTGAAACCCTGGTTAAAACCACTCTGGCTCCGATGTTCGCGTACCGTAACATGGAAGTTGTTGGCTGGATGTCTTACAACATCCTCGGTGACTACGACGGTAAAGTTCTGTCTGCGCGTGACAACAAAGAATCTAAAGTTCTGAGCAAAGACAAAGTTCTGGAAAAAATGCTGGGTTACTCTCCGTACAGCATCACCGAAATCCAATACTTCCCGTCTCTGGTTGACAACAAAACCGCGTTCGACTTCGTTCACTTCAAAGGCTTCCTCGGTAAACTGATGAAATTCTACTTCATCTGGGATGCGATCGACGCGATCGTTGCGGCTCCGCTGATCCTCGACATCGCGCGTTTCCTGCTGTTCGCGAAGAAAAAAGGTGTTAAAGGTGTTGTTAAAGAAATGGCCTTCTTCTTCAAATCTCCGATGGACACCAACGTTATCAACACCCACGAACAGTTCGTTGTTCTGAAAGAATGGTACAGCAACCTGAAGTAA
MKV_scg_55,ATGAAAGTATGGCTGGTTGGTGCTTACGGTATCGTTTCTACTACTGCTATGGTTGGTGCTCGTGCTATCGAACGTGGTATTGCTCCGAAAATCGGTCTGGTTTCTGAACTGCCGCACTTCGAAGGTATCGAAAAATATGCTCCGTTCTCTTTCGAATTTGGTGGTCACGAAATTCGTCTGCTGAGCAACGCGTACGAAGCGGCGAAAGAACATTGGGAACTGAACCGTCACTTCGACCGTGAAATCCTCGAAGCGGTAAAATCTGACCTGGAAGGTATCGTTGCTCGTAAAGGTACCGCGCTGAACTGTGGTTCTGGTATCAAAGAACTGGGTGACATCAAAACTCTGGAAGGTGAAGGTCTGTCTCTGGCGGAAATGGTTTCTCGTATCGAAGAAGATATCAAATCTTTCGCGGACGACGAAACCGTTGTTATCAACGTTGCGTCTACCGAACCGCTTCCGAACTACTCTGAAGAGTACCACGGTTCTCTGGAAGGTTTCGAACGGATGATTGACGAAGACCGTAAAGAATACGCTTCTGCGTCTATGCTGTACGCTTACGCGGCGCTGAAACTGGGTCTGCCGTACGCGAACTTCACCCCGTCTCCGGGTTCTGCGATCCCAGCGCTGAAAGAACTGGCGGAGAAAAAAGGTGTTCCGCACGCGGGTAACGACGGTAAAACCGGTGAAACCCTGGTTAAAACCACCCTGGCTCCGATGTTCGCGTACCGTAACATGGAAGTTGTTGGCTGGATGTCTTACAACATCCTCGGTGACTACGACGGTAAAGTTCTGTCTGCGCGTGACAACAAAGAATCTAAAGTTCTGAGCAAAGACAAAGTTCTGGAAAAAATGCTGGGTTACTCTCCGTACAGCATCACCGAAATCCAATACTTCCCGTCTCTGGTTGACAACAAAACCGCGTTCGACTTCGTTCACTTCAAAGGCTTCCTCGGTAAACTGATGAAATTCTACTTCATCTGGGATGCGATCGACGCGATCGTTGCCGCGCCGCTGATCCTGGACATCGCGCGTTTCCTGCTGTTCGCGAAGAAAAAAGGTGTTAAAGGTGTTGTTAAAGAAATGGCATTCTTCTTCAAATCTCCGATGGACACCAACGTTATCAACACCCACGAACAGTTCGTTGTTCTGAAAGAATGGTACAGCAACCTGAAATAA
MKV_scg_56,ATGAAAGTATGGCTGGTTGGTGCTTACGGTATCGTTTCTACTACTGCTATGGTTGGTGCTCGTGCTATCGAACGTGGTATTGCTCCGAAAATCGGTCTGGTTTCTGAACTGCCGCACTTCGAAGGTATCGAAAAATATGCTCCGTTCTCTTTCGAATTTGGTGGTCACGAAATTCGTCTGCTGAGCAACGCGTACGAAGCGGCGAAAGAACATTGGGAACTGAACCGTCACTTCGACCGTGAAATCCTCGAAGCGGTAAAATCTGACCTGGAAGGTATCGTTGCTCGTAAAGGTACCGCGCTGAACTGTGGTTCTGGTATCAAAGAACTGGGTGACATCAAAACTCTGGAAGGTGAAGGTCTGTCTCTGGCGGAAATGGTTTCTCGTATCGAAGAAGATATCAAATCTTTCGCGGACGACGAAACCGTTGTTATCAACGTTGCGTCTACCGAACCGCTTCCGAACTACTCTGAAGAGTACCACGGTTCTCTGGAAGGTTTCGAACGGATGATTGACGAAGACCGTAAAGAATACGCTTCTGCGTCTATGCTGTACGCTTACGCGGCGCTGAAACTGGGTCTGCCGTACGCGAACTTCACCCCGTCTCCGGGTTCTGCGATCCCAGCGCTGAAAGAACTGGCGGAGAAAAAAGGTGTTCCGCACGCGGGTAACGACGGTAAAACCGGTGAAACCCTGGTTAAAACCACCCTGGCTCCGATGTTCGCGTACCGTAACATGGAAGTTGTTGGCTGGATGTCTTACAACATCCTCGGTGACTACGACGGTAAAGTTCTGTCTGCGCGTGACAACAAAGAATCTAAAGTTCTGAGCAAAGACAAAGTTCTGGAAAAAATGCTGGGTTACTCTCCGTACAGCATCACCGAAATCCAATACTTCCCGTCTCTGGTTGACAACAAAACCGCGTTCGACTTCGTTCACTTCAAAGGCTTCCTCGGTAAACTGATGAAATTCTACTTCATCTGGGATGCGATCGACGCGATCGTTGCGGCTCCGCTGATCCTCGACATCGCGCGTTTCCTGCTGTTCGCGAAGAAAAAAGGTGTTAAAGGTGTTGTTAAAGAAATGGCCTTCTTCTTCAAATCTCCGATGGACACCAACGTTATCAACACCCACGAACAGTTCGTTGTTCTGAAAGAGTGGTACAGCAACCTGAAATAA
MKV_scg_57,ATGAAAGTATGGCTGGTTGGTGCTTACGGTATCGTTTCTACTACTGCTATGGTTGGTGCTCGTGCTATCGAACGTGGTATTGCTCCGAAAATCGGTCTGGTTTCTGAACTGCCGCACTTCGAAGGTATCGAAAAATATGCTCCGTTCTCTTTCGAATTTGGTGGTCACGAAATTCGTCTGCTGAGCAACGCGTACGAAGCGGCGAAAGAACATTGGGAACTGAACCGTCACTTCGACCGTGAAATCCTCGAAGCGGTAAAATCTGACCTGGAAGGTATCGTTGCTCGTAAAGGTACCGCGCTGAACTGTGGTTCTGGTATCAAAGAACTGGGTGACATCAAAACTCTGGAAGGTGAAGGTCTGTCTCTGGCGGAAATGGTTTCTCGTATCGAAGAAGATATCAAATCTTTCGCGGACGACGAAACCGTTGTTATCAACGTTGCGTCTACCGAACCGCTTCCGAACTACTCTGAAGAGTACCACGGTTCTCTGGAAGGTTTCGAACGGATGATTGACGAAGACCGTAAAGAATACGCTTCTGCGTCTATGCTGTACGCTTACGCGGCGCTGAAACTGGGTCTGCCGTACGCGAACTTCACCCCGTCTCCGGGTTCTGCGATCCCAGCGCTGAAAGAACTGGCGGAGAAAAAAGGTGTTCCGCACGCGGGTAACGACGGTAAAACCGGTGAAACCCTGGTTAAAACCACCCTGGCTCCGATGTTCGCGTACCGTAACATGGAAGTTGTTGGCTGGATGTCTTACAACATCCTCGGTGACTACGACGGTAAAGTTCTGTCTGCGCGTGACAACAAAGAATCTAAAGTTCTGAGCAAAGACAAAGTTCTGGAAAAAATGCTGGGTTACTCTCCGTACAGCATCACCGAAATCCAATACTTCCCGTCTCTGGTTGACAACAAAACCGCGTTCGACTTCGTTCACTTCAAAGGCTTCCTCGGTAAACTGATGAAATTCTACTTCATCTGGGATGCGATCGACGCGATCGTTGCGGCTCCGCTGATCCTCGACATCGCGCGTTTCCTGCTGTTCGCGAAGAAAAAAGGTGTTAAAGGTGTGGTTAAAGAAATGGCATTCTTCTTCAAATCTCCGATGGACACCAACGTTATCAACACCCACGAACAGTTCGTTGTTCTGAAAGAATGGTACTCCAACCTGAAATAA
MKV_scg_58,ATGAAAGTATGGCTGGTTGGTGCTTACGGTATCGTTTCTACTACTGCTATGGTTGGTGCTCGTGCTATCGAACGTGGTATTGCTCCGAAAATCGGTCTGGTTTCTGAACTGCCGCACTTCGAAGGTATCGAAAAATATGCTCCGTTCTCTTTCGAATTTGGTGGTCACGAAATTCGTCTGCTGAGCAACGCGTACGAAGCGGCGAAAGAACATTGGGAACTGAACCGTCACTTCGACCGTGAAATCCTCGAAGCGGTAAAATCTGACCTGGAAGGTATCGTTGCTCGTAAAGGTACCGCGCTGAACTGTGGTTCTGGTATCAAAGAACTGGGTGACATCAAAACTCTGGAAGGTGAAGGTCTGTCTCTGGCGGAAATGGTTTCTCGTATCGAAGAAGATATCAAATCTTTCGCGGACGACGAAACCGTTGTTATCAACGTTGCGTCTACCGAACCGCTTCCGAACTACTCTGAAGAGTACCACGGTTCTCTGGAAGGTTTCGAACGGATGATTGACGAAGACCGTAAAGAATACGCTTCTGCGTCTATGCTGTACGCTTACGCGGCGCTGAAACTGGGTCTGCCGTACGCGAACTTCACCCCGTCTCCGGGTTCTGCGATCCCAGCGCTGAAAGAACTGGCGGAGAAAAAAGGTGTTCCGCACGCGGGTAACGACGGTAAAACCGGTGAAACCCTGGTTAAAACCACCCTGGCTCCGATGTTCGCGTACCGTAACATGGAAGTTGTTGGCTGGATGTCTTACAACATCCTCGGTGACTACGACGGTAAAGTTCTGTCTGCGCGTGACAACAAAGAATCTAAAGTTCTGAGCAAAGACAAAGTTCTGGAAAAAATGCTGGGTTACTCTCCGTACAGCATCACCGAAATCCAATACTTCCCGTCTCTGGTTGACAACAAAACCGCGTTCGACTTCGTTCACTTCAAAGGCTTCCTCGGTAAACTGATGAAATTCTACTTCATCTGGGATGCGATCGACGCGATCGTTGCGGCTCCGCTGATCCTCGACATCGCGCGTTTCCTGCTGTTCGCGAAGAAAAAAGGTGTTAAAGGTGTTGTTAAAGAAATGGCATTCTTCTTCAAATCTCCGATGGACACCAACGTCATCAACACCCACGAACAGTTCGTTGTTCTGAAAGAATGGTACTCCAACCTGAAATAA
MKV_scg_59,ATGAAAGTATGGCTGGTTGGTGCTTACGGTATCGTTTCTACTACTGCTATGGTTGGTGCTCGTGCTATCGAACGTGGTATTGCTCCGAAAATCGGTCTGGTTTCTGAACTGCCGCACTTCGAAGGTATCGAAAAATATGCTCCGTTCTCTTTCGAATTTGGTGGTCACGAAATTCGTCTGCTGAGCAACGCGTACGAAGCGGCGAAAGAACATTGGGAACTGAACCGTCACTTCGACCGTGAAATCCTCGAAGCGGTAAAATCTGACCTGGAAGGTATCGTTGCTCGTAAAGGTACCGCGCTGAACTGTGGTTCTGGTATCAAAGAACTGGGTGACATCAAAACTCTGGAAGGTGAAGGTCTGTCTCTGGCGGAAATGGTTTCTCGTATCGAAGAAGATATCAAATCTTTCGCGGACGACGAAACCGTTGTTATCAACGTTGCGTCTACCGAACCGCTTCCGAACTACTCTGAAGAGTACCACGGTTCTCTGGAAGGTTTCGAACGGATGATTGACGAAGACCGTAAAGAATACGCTTCTGCGTCTATGCTGTACGCTTACGCGGCGCTGAAACTGGGTCTGCCGTACGCGAACTTCACCCCGTCTCCGGGTTCTGCGATCCCAGCGCTGAAAGAACTGGCGGAGAAAAAAGGTGTTCCGCACGCGGGTAACGACGGTAAAACCGGTGAAACCCTGGTTAAAACCACTCTGGCTCCGATGTTCGCGTACCGTAACATGGAAGTTGTTGGCTGGATGTCTTACAACATCCTCGGTGACTACGACGGTAAAGTTCTGTCTGCGCGTGACAACAAAGAATCTAAAGTTCTGAGCAAAGACAAAGTTCTGGAAAAAATGCTGGGTTACTCTCCGTACAGCATCACCGAAATCCAATACTTCCCGTCTCTGGTTGACAACAAAACCGCGTTCGACTTCGTTCACTTCAAAGGCTTCCTCGGTAAACTGATGAAATTCTACTTCATCTGGGATGCGATCGACGCGATCGTTGCGGCTCCGCTGATCCTCGACATCGCGCGTTTCCTGCTGTTCGCGAAGAAAAAAGGTGTTAAAGGTGTTGTTAAAGAAATGGCCTTCTTCTTCAAATCCCCGATGGACACCAACGTTATCAACACCCACGAACAGTTCGTTGTTCTGAAAGAATGGTACTCCAACCTGAAATAA
MKV_scg_60,ATGAAAGTATGGCTGGTTGGTGCTTACGGTATCGTTTCTACTACTGCTATGGTTGGTGCTCGTGCTATCGAACGTGGTATTGCTCCGAAAATCGGTCTGGTTTCTGAACTGCCGCACTTCGAAGGTATCGAAAAATATGCTCCGTTCTCTTTCGAATTTGGTGGTCACGAAATTCGTCTGCTGAGCAACGCGTACGAAGCGGCGAAAGAACATTGGGAACTGAACCGTCACTTCGACCGTGAAATCCTCGAAGCGGTAAAATCTGACCTGGAAGGTATCGTTGCTCGTAAAGGTACCGCGCTGAACTGTGGTTCTGGTATCAAAGAACTGGGTGACATCAAAACTCTGGAAGGTGAAGGTCTGTCTCTGGCGGAAATGGTTTCTCGTATCGAAGAAGATATCAAATCTTTCGCGGACGACGAAACCGTTGTTATCAACGTTGCGTCTACCGAACCGCTTCCGAACTACTCTGAAGAGTACCACGGTTCTCTGGAAGGTTTCGAACGGATGATTGACGAAGACCGTAAAGAATACGCTTCTGCGTCTATGCTGTACGCTTACGCGGCGCTGAAACTGGGTCTGCCGTACGCGAACTTCACCCCGTCTCCGGGTTCTGCGATCCCAGCGCTGAAAGAACTGGCGGAGAAAAAAGGTGTTCCGCACGCGGGTAACGACGGTAAAACCGGTGAAACCCTGGTTAAAACCACTCTGGCTCCGATGTTCGCGTACCGTAACATGGAAGTTGTTGGCTGGATGTCTTACAACATCCTCGGTGACTACGACGGTAAAGTTCTGTCTGCGCGTGACAACAAAGAATCTAAAGTTCTGAGCAAAGACAAAGTTCTGGAAAAAATGCTGGGTTACTCTCCGTACAGCATCACCGAAATCCAATACTTCCCGTCTCTGGTTGACAACAAAACCGCGTTCGACTTCGTTCACTTCAAAGGCTTCCTCGGTAAACTGATGAAATTCTACTTCATCTGGGATGCGATCGACGCGATCGTTGCGGCTCCGCTGATCCTCGACATCGCGCGTTTCCTGCTGTTCGCGAAGAAAAAAGGTGTTAAAGGTGTTGTTAAAGAAATGGCCTTCTTCTTCAAATCCCCGATGGACACCAACGTTATCAACACCCACGAACAGTTCGTTGTTCTGAAAGAATGGTACTCTAACCTGAAATAA
MKV_scg_61,ATGAAAGTATGGCTGGTTGGTGCTTACGGTATCGTTTCTACTACTGCTATGGTTGGTGCTCGTGCTATCGAACGTGGTATTGCTCCGAAAATCGGTCTGGTTTCTGAACTGCCGCACTTCGAAGGTATCGAAAAATATGCTCCGTTCTCTTTCGAATTTGGTGGTCACGAAATTCGTCTGCTGAGCAACGCGTACGAAGCGGCGAAAGAACATTGGGAACTGAACCGTCACTTCGACCGTGAAATCCTCGAAGCGGTAAAATCTGACCTGGAAGGTATCGTTGCTCGTAAAGGTACCGCGCTGAACTGTGGTTCTGGTATCAAAGAACTGGGTGACATCAAAACTCTGGAAGGTGAAGGTCTGTCTCTGGCGGAAATGGTTTCTCGTATCGAAGAAGATATCAAATCTTTCGCGGACGACGAAACCGTTGTTATCAACGTTGCGTCTACCGAACCGCTTCCGAACTACTCTGAAGAGTACCACGGTTCTCTGGAAGGTTTCGAACGGATGATTGACGAAGACCGTAAAGAATACGCTTCTGCGTCTATGCTGTACGCTTACGCGGCGCTGAAACTGGGTCTGCCGTACGCGAACTTCACCCCGTCTCCGGGTTCTGCGATCCCAGCGCTGAAAGAACTGGCGGAGAAAAAAGGTGTTCCGCACGCGGGTAACGACGGTAAAACCGGTGAAACCCTGGTTAAAACCACCCTGGCTCCGATGTTCGCGTACCGTAACATGGAAGTTGTTGGCTGGATGTCTTACAACATCCTCGGTGACTACGACGGTAAAGTTCTGTCTGCGCGTGACAACAAAGAATCTAAAGTTCTGAGCAAAGACAAAGTTCTGGAAAAAATGCTGGGTTACTCTCCGTACAGCATCACCGAAATCCAATACTTCCCGTCTCTGGTTGACAACAAAACCGCGTTCGACTTCGTTCACTTCAAAGGCTTCCTCGGTAAACTGATGAAATTCTACTTCATCTGGGATGCGATCGACGCGATCGTTGCGGCTCCGCTGATCCTCGACATCGCGCGTTTCCTGCTGTTCGCGAAGAAAAAAGGTGTTAAAGGTGTTGTTAAAGAAATGGCATTCTTCTTCAAATCTCCGATGGACACCAACGTTATCAACACCCACGAACAGTTCGTTGTTCTGAAAGAATGGTACAGCAACCTGAAATAA
MKV_scg_62,ATGAAAGTATGGCTGGTTGGTGCTTACGGTATCGTTTCTACTACTGCTATGGTTGGTGCTCGTGCTATCGAACGTGGTATTGCTCCGAAAATCGGTCTGGTTTCTGAACTGCCGCACTTCGAAGGTATCGAAAAATATGCTCCGTTCTCTTTCGAATTTGGTGGTCACGAAATTCGTCTGCTGAGCAACGCGTACGAAGCGGCGAAAGAACATTGGGAACTGAACCGTCACTTCGACCGTGAAATCCTCGAAGCGGTAAAATCTGACCTGGAAGGTATCGTTGCTCGTAAAGGTACCGCGCTGAACTGTGGTTCTGGTATCAAAGAACTGGGTGACATCAAAACTCTGGAAGGTGAAGGTCTGTCTCTGGCGGAAATGGTTTCTCGTATCGAAGAAGATATCAAATCTTTCGCGGACGACGAAACCGTTGTTATCAACGTTGCGTCTACCGAACCGCTTCCGAACTACTCTGAAGAGTACCACGGTTCTCTGGAAGGTTTCGAACGGATGATTGACGAAGACCGTAAAGAATACGCTTCTGCGTCTATGCTGTACGCTTACGCGGCGCTGAAACTGGGTCTGCCGTACGCGAACTTCACCCCGTCTCCGGGTTCTGCGATCCCAGCGCTGAAAGAACTGGCGGAGAAAAAAGGTGTTCCGCACGCGGGTAACGACGGTAAAACCGGTGAAACCCTGGTTAAAACCACCCTGGCTCCGATGTTCGCGTACCGTAACATGGAAGTTGTTGGCTGGATGTCTTACAACATCCTCGGTGACTACGACGGTAAAGTTCTGTCTGCGCGTGACAACAAAGAATCTAAAGTTCTGAGCAAAGACAAAGTTCTGGAAAAAATGCTGGGTTACTCTCCGTACAGCATCACCGAAATCCAATACTTCCCGTCTCTGGTTGACAACAAAACCGCGTTCGACTTCGTTCACTTCAAAGGCTTCCTCGGTAAACTGATGAAATTCTACTTCATCTGGGATGCGATCGACGCGATCGTTGCGGCTCCGCTGATCCTCGACATCGCGCGTTTCCTGCTGTTCGCGAAGAAAAAAGGTGTTAAAGGTGTTGTTAAAGAAATGGCCTTCTTCTTCAAATCTCCGATGGACACCAACGTCATCAACACCCACGAACAGTTCGTTGTTCTGAAAGAATGGTACTCTAACCTGAAATAA
MKV_scg_63,ATGAAAGTATGGCTGGTTGGTGCTTACGGTATCGTTTCTACTACTGCTATGGTTGGTGCTCGTGCTATCGAACGTGGTATTGCTCCGAAAATCGGTCTGGTTTCTGAACTGCCGCACTTCGAAGGTATCGAAAAATATGCTCCGTTCTCTTTCGAATTTGGTGGTCACGAAATTCGTCTGCTGAGCAACGCGTACGAAGCGGCGAAAGAACATTGGGAACTGAACCGTCACTTCGACCGTGAAATCCTCGAAGCGGTAAAATCTGACCTGGAAGGTATCGTTGCTCGTAAAGGTACCGCGCTGAACTGTGGTTCTGGTATCAAAGAACTGGGTGACATCAAAACTCTGGAAGGTGAAGGTCTGTCTCTGGCGGAAATGGTTTCTCGTATCGAAGAAGATATCAAATCTTTCGCGGACGACGAAACCGTTGTTATCAACGTTGCGTCTACCGAACCGCTTCCGAACTACTCTGAAGAGTACCACGGTTCTCTGGAAGGTTTCGAACGGATGATTGACGAAGACCGTAAAGAATACGCTTCTGCGTCTATGCTGTACGCTTACGCGGCGCTGAAACTGGGTCTGCCGTACGCGAACTTCACCCCGTCTCCGGGTTCTGCGATCCCAGCGCTGAAAGAACTGGCGGAGAAAAAAGGTGTTCCGCACGCGGGTAACGACGGTAAAACCGGTGAAACCCTGGTTAAAACCACCCTGGCTCCGATGTTCGCGTACCGTAACATGGAAGTTGTTGGCTGGATGTCTTACAACATCCTCGGTGACTACGACGGTAAAGTTCTGTCTGCGCGTGACAACAAAGAATCTAAAGTTCTGAGCAAAGACAAAGTTCTGGAAAAAATGCTGGGTTACTCTCCGTACAGCATCACCGAAATCCAATACTTCCCGTCTCTGGTTGACAACAAAACCGCGTTCGACTTCGTTCACTTCAAAGGTTTCCTCGGTAAACTGATGAAATTCTACTTCATCTGGGATGCGATCGACGCGATCGTTGCGGCTCCGCTGATCCTCGACATCGCGCGTTTCCTGCTGTTCGCGAAGAAAAAAGGTGTTAAAGGTGTTGTTAAAGAAATGGCATTCTTCTTCAAATCTCCGATGGACACCAACGTTATCAACACCCACGAACAGTTCGTTGTTCTGAAAGAATGGTACAGCAACCTGAAATAA
MKV_scg_64,ATGAAAGTATGGCTGGTTGGTGCTTACGGTATCGTTTCTACTACTGCTATGGTTGGTGCTCGTGCTATCGAACGTGGTATTGCTCCGAAAATCGGTCTGGTTTCTGAACTGCCGCACTTCGAAGGTATCGAAAAATATGCTCCGTTCTCTTTCGAATTTGGTGGTCACGAAATTCGTCTGCTGAGCAACGCGTACGAAGCGGCGAAAGAACATTGGGAACTGAACCGTCACTTCGACCGTGAAATCCTCGAAGCGGTAAAATCTGACCTGGAAGGTATCGTTGCTCGTAAAGGTACCGCGCTGAACTGTGGTTCTGGTATCAAAGAACTGGGTGACATCAAAACTCTGGAAGGTGAAGGTCTGTCTCTGGCGGAAATGGTTTCTCGTATCGAAGAAGATATCAAATCTTTCGCGGACGACGAAACCGTTGTTATCAACGTTGCGTCTACCGAACCGCTTCCGAACTACTCTGAAGAGTACCACGGTTCTCTGGAAGGTTTCGAACGGATGATTGACGAAGACCGTAAAGAATACGCTTCTGCGTCTATGCTGTACGCTTACGCGGCGCTGAAACTGGGTCTGCCGTACGCGAACTTCACCCCGTCTCCGGGTTCTGCGATCCCAGCGCTGAAAGAACTGGCGGAGAAAAAAGGTGTTCCGCACGCGGGTAACGACGGTAAAACCGGTGAAACCCTGGTTAAAACCACCCTGGCTCCGATGTTCGCGTACCGTAACATGGAAGTTGTTGGCTGGATGTCTTACAACATCCTCGGTGACTACGACGGTAAAGTTCTGTCTGCGCGTGACAACAAAGAATCTAAAGTTCTGAGCAAAGACAAAGTTCTGGAAAAAATGCTGGGTTACTCTCCGTACAGCATCACCGAAATCCAATACTTCCCGTCTCTGGTTGACAACAAAACCGCGTTCGACTTCGTTCACTTCAAAGGCTTCCTCGGTAAACTGATGAAATTCTACTTCATCTGGGATGCGATCGACGCGATCGTTGCGGCTCCGCTGATCCTCGACATCGCGCGTTTCCTGCTGTTCGCGAAGAAAAAAGGTGTTAAAGGCGTAGTTAAAGAAATGGCGTTCTTCTTCAAATCTCCGATGGACACCAACGTTATCAACACCCACGAACAGTTCGTTGTTCTGAAAGAATGGTACAGCAACCTGAAATAA
MKV_scg_65,ATGAAAGTATGGCTGGTTGGTGCTTACGGTATCGTTTCTACTACTGCTATGGTTGGTGCTCGTGCTATCGAACGTGGTATTGCTCCGAAAATCGGTCTGGTTTCTGAACTGCCGCACTTCGAAGGTATCGAAAAATATGCTCCGTTCTCTTTCGAATTTGGTGGTCACGAAATTCGTCTGCTGAGCAACGCGTACGAAGCGGCGAAAGAACATTGGGAACTGAACCGTCACTTCGACCGTGAAATCCTCGAAGCGGTAAAATCTGACCTGGAAGGTATCGTTGCTCGTAAAGGTACCGCGCTGAACTGTGGTTCTGGTATCAAAGAACTGGGTGACATCAAAACTCTGGAAGGTGAAGGTCTGTCTCTGGCGGAAATGGTTTCTCGTATCGAAGAAGATATCAAATCTTTCGCGGACGACGAAACCGTTGTTATCAACGTTGCGTCTACCGAACCGCTTCCGAACTACTCTGAAGAGTACCACGGTTCTCTGGAAGGTTTCGAACGGATGATTGACGAAGACCGTAAAGAATACGCTTCTGCGTCTATGCTGTACGCTTACGCGGCGCTGAAACTGGGTCTGCCGTACGCGAACTTCACCCCGTCTCCGGGTTCTGCGATCCCAGCGCTGAAAGAACTGGCGGAGAAAAAAGGTGTTCCGCACGCGGGTAACGACGGTAAAACCGGTGAAACCCTGGTTAAAACCACCCTGGCTCCGATGTTCGCGTACCGTAACATGGAAGTTGTTGGCTGGATGTCTTACAACATCCTCGGTGACTACGACGGTAAAGTTCTGTCTGCGCGTGACAACAAAGAATCTAAAGTTCTGAGCAAAGACAAAGTTCTGGAAAAAATGCTGGGTTACTCTCCGTACAGCATCACCGAAATCCAATACTTCCCGTCTCTGGTTGACAACAAAACCGCGTTCGACTTCGTTCACTTCAAAGGCTTCCTCGGTAAACTGATGAAATTCTACTTCATCTGGGATGCGATCGACGCGATCGTTGCCGCGCCGCTGATCCTGGACATCGCGCGTTTCCTGCTGTTCGCGAAGAAAAAAGGTGTTAAAGGTGTTGTTAAAGAAATGGCGTTCTTCTTCAAATCTCCGATGGACACCAACGTTATCAACACCCACGAACAGTTCGTTGTTCTGAAAGAATGGTACAGCAACCTGAAATAA
MKV_scg_66,ATGAAAGTATGGCTGGTTGGTGCTTACGGTATCGTTTCTACTACTGCTATGGTTGGTGCTCGTGCTATCGAACGTGGTATTGCTCCGAAAATCGGTCTGGTTTCTGAACTGCCGCACTTCGAAGGTATCGAAAAATATGCTCCGTTCTCTTTCGAATTTGGTGGTCACGAAATTCGTCTGCTGAGCAACGCGTACGAAGCGGCGAAAGAACATTGGGAACTGAACCGTCACTTCGACCGTGAAATCCTCGAAGCGGTAAAATCTGACCTGGAAGGTATCGTTGCTCGTAAAGGTACCGCGCTGAACTGTGGTTCTGGTATCAAAGAACTGGGTGACATCAAAACTCTGGAAGGTGAAGGTCTGTCTCTGGCGGAAATGGTTTCTCGTATCGAAGAAGATATCAAATCTTTCGCGGACGACGAAACCGTTGTTATCAACGTTGCGTCTACCGAACCGCTTCCGAACTACTCTGAAGAGTACCACGGTTCTCTGGAAGGTTTCGAACGGATGATTGACGAAGACCGTAAAGAATACGCTTCTGCGTCTATGCTGTACGCTTACGCGGCGCTGAAACTGGGTCTGCCGTACGCGAACTTCACCCCGTCTCCGGGTTCTGCGATCCCAGCGCTGAAAGAACTGGCGGAGAAAAAAGGTGTTCCGCACGCGGGTAACGACGGTAAAACCGGTGAAACCCTGGTTAAAACCACTCTGGCTCCGATGTTCGCGTACCGTAACATGGAAGTTGTTGGCTGGATGTCTTACAACATCCTCGGTGACTACGACGGTAAAGTTCTGTCTGCGCGTGACAACAAAGAATCTAAAGTTCTGAGCAAAGACAAAGTTCTGGAAAAAATGCTGGGTTACTCTCCGTACAGCATCACCGAAATCCAATACTTCCCGTCTCTGGTTGACAACAAAACCGCGTTCGACTTCGTTCACTTCAAAGGCTTCCTCGGTAAACTGATGAAATTCTACTTCATCTGGGATGCGATCGACGCGATCGTTGCGGCTCCGCTGATCCTCGACATCGCGCGTTTCCTGCTGTTCGCGAAGAAAAAAGGTGTTAAAGGTGTTGTTAAAGAAATGGCGTTCTTCTTCAAATCTCCGATGGACACCAACGTCATCAACACCCACGAACAGTTCGTTGTTCTGAAAGAATGGTACAGCAACCTGAAATAA
MKV_scg_67,ATGAAAGTATGGCTGGTTGGTGCTTACGGTATCGTTTCTACTACTGCTATGGTTGGTGCTCGTGCTATCGAACGTGGTATTGCTCCGAAAATCGGTCTGGTTTCTGAACTGCCGCACTTCGAAGGTATCGAAAAATATGCTCCGTTCTCTTTCGAATTTGGTGGTCACGAAATTCGTCTGCTGAGCAACGCGTACGAAGCGGCGAAAGAACATTGGGAACTGAACCGTCACTTCGACCGTGAAATCCTCGAAGCGGTAAAATCTGACCTGGAAGGTATCGTTGCTCGTAAAGGTACCGCGCTGAACTGTGGTTCTGGTATCAAAGAACTGGGTGACATCAAAACTCTGGAAGGTGAAGGTCTGTCTCTGGCGGAAATGGTTTCTCGTATCGAAGAAGATATCAAATCTTTCGCGGACGACGAAACCGTTGTTATCAACGTTGCGTCTACCGAACCGCTTCCGAACTACTCTGAAGAGTACCACGGTTCTCTGGAAGGTTTCGAACGGATGATTGACGAAGACCGTAAAGAATACGCTTCTGCGTCTATGCTGTACGCTTACGCGGCGCTGAAACTGGGTCTGCCGTACGCGAACTTCACCCCGTCTCCGGGTTCTGCGATCCCAGCGCTGAAAGAACTGGCGGAGAAAAAAGGTGTTCCGCACGCGGGTAACGACGGTAAAACCGGTGAAACCCTGGTTAAAACCACCCTGGCTCCGATGTTCGCGTACCGTAACATGGAAGTTGTTGGCTGGATGTCTTACAACATCCTCGGTGACTACGACGGTAAAGTTCTGTCTGCGCGTGACAACAAAGAATCTAAAGTTCTGAGCAAAGACAAAGTTCTGGAAAAAATGCTGGGTTACTCTCCGTACAGCATCACCGAAATCCAATACTTCCCGTCTCTGGTTGACAACAAAACCGCGTTCGACTTCGTTCACTTCAAAGGCTTCCTCGGTAAACTGATGAAATTCTACTTCATCTGGGATGCGATCGACGCGATCGTTGCCGCGCCGCTGATCCTGGACATCGCGCGTTTCCTGCTGTTCGCGAAGAAAAAAGGTGTTAAAGGCGTTGTTAAAGAAATGGCGTTCTTCTTCAAATCTCCGATGGACACCAACGTTATCAACACCCACGAACAGTTCGTTGTTCTGAAAGAATGGTACAGCAACCTGAAATAA
MKV_scg_68,ATGAAAGTATGGCTGGTTGGTGCTTACGGTATCGTTTCTACTACTGCTATGGTTGGTGCTCGTGCTATCGAACGTGGTATTGCTCCGAAAATCGGTCTGGTTTCTGAACTGCCGCACTTCGAAGGTATCGAAAAATATGCTCCGTTCTCTTTCGAATTTGGTGGTCACGAAATTCGTCTGCTGAGCAACGCGTACGAAGCGGCGAAAGAACATTGGGAACTGAACCGTCACTTCGACCGTGAAATCCTCGAAGCGGTAAAATCTGACCTGGAAGGTATCGTTGCTCGTAAAGGTACCGCGCTGAACTGTGGTTCTGGTATCAAAGAACTGGGTGACATCAAAACTCTGGAAGGTGAAGGTCTGTCTCTGGCGGAAATGGTTTCTCGTATCGAAGAAGATATCAAATCTTTCGCGGACGACGAAACCGTTGTTATCAACGTTGCGTCTACCGAACCGCTTCCGAACTACTCTGAAGAGTACCACGGTTCTCTGGAAGGTTTCGAACGGATGATTGACGAAGACCGTAAAGAATACGCTTCTGCGTCTATGCTGTACGCTTACGCGGCGCTGAAACTGGGTCTGCCGTACGCGAACTTCACCCCGTCTCCGGGTTCTGCGATCCCAGCGCTGAAAGAACTGGCGGAGAAAAAAGGTGTTCCGCACGCGGGTAACGACGGTAAAACCGGTGAAACCCTGGTTAAAACCACTCTGGCTCCGATGTTCGCGTACCGTAACATGGAAGTTGTTGGCTGGATGTCTTACAACATCCTCGGTGACTACGACGGTAAAGTTCTGTCTGCGCGTGACAACAAAGAATCTAAAGTTCTGAGCAAAGACAAAGTTCTGGAAAAAATGCTGGGTTACTCTCCGTACAGCATCACCGAAATCCAATACTTCCCGTCTCTGGTTGACAACAAAACCGCGTTCGACTTCGTTCACTTCAAAGGCTTCCTCGGTAAACTGATGAAATTCTACTTCATCTGGGATGCGATCGACGCGATCGTTGCGGCTCCGCTGATCCTCGACATCGCGCGTTTCCTGCTGTTCGCGAAGAAAAAAGGTGTTAAAGGTGTTGTTAAAGAAATGGCGTTCTTCTTCAAATCTCCGATGGACACCAACGTTATCAACACCCACGAACAGTTCGTTGTTCTGAAAGAATGGTACAGCAACCTGAAATAA
MKV_scg_69,ATGAAAGTATGGCTGGTTGGTGCTTACGGTATCGTTTCTACTACTGCTATGGTTGGTGCTCGTGCTATCGAACGTGGTATTGCTCCGAAAATCGGTCTGGTTTCTGAACTGCCGCACTTCGAAGGTATCGAAAAATATGCTCCGTTCTCTTTCGAATTTGGTGGTCACGAAATTCGTCTGCTGAGCAACGCGTACGAAGCGGCGAAAGAACATTGGGAACTGAACCGTCACTTCGACCGTGAAATCCTCGAAGCGGTAAAATCTGACCTGGAAGGTATCGTTGCTCGTAAAGGTACCGCGCTGAACTGTGGTTCTGGTATCAAAGAACTGGGTGACATCAAAACTCTGGAAGGTGAAGGTCTGTCTCTGGCGGAAATGGTTTCTCGTATCGAAGAAGATATCAAATCTTTCGCGGACGACGAAACCGTTGTTATCAACGTTGCGTCTACCGAACCGCTTCCGAACTACTCTGAAGAGTACCACGGTTCTCTGGAAGGTTTCGAACGGATGATTGACGAAGACCGTAAAGAATACGCTTCTGCGTCTATGCTGTACGCTTACGCGGCGCTGAAACTGGGTCTGCCGTACGCGAACTTCACCCCGTCTCCGGGTTCTGCGATCCCAGCGCTGAAAGAACTGGCGGAGAAAAAAGGTGTTCCGCACGCGGGTAACGACGGTAAAACCGGTGAAACCCTGGTTAAAACCACTCTGGCTCCGATGTTCGCGTACCGTAACATGGAAGTTGTTGGCTGGATGTCTTACAACATCCTCGGTGACTACGACGGTAAAGTTCTGTCTGCGCGTGACAACAAAGAATCTAAAGTTCTGAGCAAAGACAAAGTTCTGGAAAAAATGCTGGGTTACTCTCCGTACAGCATCACCGAAATCCAATACTTCCCGTCTCTGGTTGACAACAAAACCGCGTTCGACTTCGTTCACTTCAAAGGCTTCCTCGGTAAACTGATGAAATTCTACTTCATCTGGGATGCGATCGACGCGATCGTTGCGGCTCCGCTGATCCTCGACATCGCGCGTTTCCTGCTGTTCGCGAAGAAAAAAGGTGTTAAAGGTGTTGTTAAAGAAATGGCCTTCTTCTTCAAATCTCCGATGGACACCAACGTTATCAACACCCACGAACAGTTCGTTGTTCTGAAAGAGTGGTACAGCAACCTGAAATAA
MKV_scg_70,ATGAAAGTATGGCTGGTTGGTGCTTACGGTATCGTTTCTACTACTGCTATGGTTGGTGCTCGTGCTATCGAACGTGGTATTGCTCCGAAAATCGGTCTGGTTTCTGAACTGCCGCACTTCGAAGGTATCGAAAAATATGCTCCGTTCTCTTTCGAATTTGGTGGTCACGAAATTCGTCTGCTGAGCAACGCGTACGAAGCGGCGAAAGAACATTGGGAACTGAACCGTCACTTCGACCGTGAAATCCTCGAAGCGGTAAAATCTGACCTGGAAGGTATCGTTGCTCGTAAAGGTACCGCGCTGAACTGTGGTTCTGGTATCAAAGAACTGGGTGACATCAAAACTCTGGAAGGTGAAGGTCTGTCTCTGGCGGAAATGGTTTCTCGTATCGAAGAAGATATCAAATCTTTCGCGGACGACGAAACCGTTGTTATCAACGTTGCGTCTACCGAACCGCTTCCGAACTACTCTGAAGAGTACCACGGTTCTCTGGAAGGTTTCGAACGGATGATTGACGAAGACCGTAAAGAATACGCTTCTGCGTCTATGCTGTACGCTTACGCGGCGCTGAAACTGGGTCTGCCGTACGCGAACTTCACCCCGTCTCCGGGTTCTGCGATCCCAGCGCTGAAAGAACTGGCGGAGAAAAAAGGTGTTCCGCACGCGGGTAACGACGGTAAAACCGGTGAAACCCTGGTTAAAACCACCCTGGCTCCGATGTTCGCGTACCGTAACATGGAAGTTGTTGGCTGGATGTCTTACAACATCCTCGGTGACTACGACGGTAAAGTTCTGTCTGCGCGTGACAACAAAGAATCTAAAGTTCTGAGCAAAGACAAAGTTCTGGAAAAAATGCTGGGTTACTCTCCGTACAGCATCACCGAAATCCAATACTTCCCGTCTCTGGTTGACAACAAAACCGCGTTCGACTTCGTTCACTTCAAAGGTTTCCTCGGTAAACTGATGAAATTCTACTTCATCTGGGATGCGATCGACGCGATCGTTGCGGCTCCGCTGATCCTCGACATCGCGCGTTTCCTGCTGTTCGCGAAGAAAAAAGGTGTTAAAGGTGTTGTTAAAGAAATGGCGTTCTTCTTCAAATCTCCGATGGACACCAACGTTATCAACACCCACGAACAGTTCGTTGTTCTGAAAGAATGGTACAGCAACCTGAAATAA
MKV_scg_71,ATGAAAGTATGGCTGGTTGGTGCTTACGGTATCGTTTCTACTACTGCTATGGTTGGTGCTCGTGCTATCGAACGTGGTATTGCTCCGAAAATCGGTCTGGTTTCTGAACTGCCGCACTTCGAAGGTATCGAAAAATATGCTCCGTTCTCTTTCGAATTTGGTGGTCACGAAATTCGTCTGCTGAGCAACGCGTACGAAGCGGCGAAAGAACATTGGGAACTGAACCGTCACTTCGACCGTGAAATCCTCGAAGCGGTAAAATCTGACCTGGAAGGTATCGTTGCTCGTAAAGGTACCGCGCTGAACTGTGGTTCTGGTATCAAAGAACTGGGTGACATCAAAACTCTGGAAGGTGAAGGTCTGTCTCTGGCGGAAATGGTTTCTCGTATCGAAGAAGATATCAAATCTTTCGCGGACGACGAAACCGTTGTTATCAACGTTGCGTCTACCGAACCGCTTCCGAACTACTCTGAAGAGTACCACGGTTCTCTGGAAGGTTTCGAACGGATGATTGACGAAGACCGTAAAGAATACGCTTCTGCGTCTATGCTGTACGCTTACGCGGCGCTGAAACTGGGTCTGCCGTACGCGAACTTCACCCCGTCTCCGGGTTCTGCGATCCCAGCGCTGAAAGAACTGGCGGAGAAAAAAGGTGTTCCGCACGCGGGTAACGACGGTAAAACCGGTGAAACCCTGGTTAAAACCACCCTGGCTCCGATGTTCGCGTACCGTAACATGGAAGTTGTTGGCTGGATGTCTTACAACATCCTCGGTGACTACGACGGTAAAGTTCTGTCTGCGCGTGACAACAAAGAATCTAAAGTTCTGAGCAAAGACAAAGTTCTGGAAAAAATGCTGGGTTACTCTCCGTACAGCATCACCGAAATCCAATACTTCCCGTCTCTGGTTGACAACAAAACCGCGTTCGACTTCGTTCACTTCAAAGGCTTCCTCGGTAAACTGATGAAATTCTACTTCATCTGGGATGCGATCGACGCGATCGTTGCGGCTCCGCTGATCCTCGACATCGCGCGTTTCCTGCTGTTCGCGAAGAAAAAAGGTGTTAAAGGTGTTGTTAAAGAAATGGCCTTCTTCTTCAAATCTCCGATGGACACCAACGTTATCAACACCCACGAACAGTTCGTTGTTCTGAAAGAATGGTACAGCAACCTGAAGTAA
MKV_scg_72,ATGAAAGTATGGCTGGTTGGTGCTTACGGTATCGTTTCTACTACTGCTATGGTTGGTGCTCGTGCTATCGAACGTGGTATTGCTCCGAAAATCGGTCTGGTTTCTGAACTGCCGCACTTCGAAGGTATCGAAAAATATGCTCCGTTCTCTTTCGAATTTGGTGGTCACGAAATTCGTCTGCTGAGCAACGCGTACGAAGCGGCGAAAGAACATTGGGAACTGAACCGTCACTTCGACCGTGAAATCCTCGAAGCGGTAAAATCTGACCTGGAAGGTATCGTTGCTCGTAAAGGTACCGCGCTGAACTGTGGTTCTGGTATCAAAGAACTGGGTGACATCAAAACTCTGGAAGGTGAAGGTCTGTCTCTGGCGGAAATGGTTTCTCGTATCGAAGAAGATATCAAATCTTTCGCGGACGACGAAACCGTTGTTATCAACGTTGCGTCTACCGAACCGCTTCCGAACTACTCTGAAGAGTACCACGGTTCTCTGGAAGGTTTCGAACGGATGATTGACGAAGACCGTAAAGAATACGCTTCTGCGTCTATGCTGTACGCTTACGCGGCGCTGAAACTGGGTCTGCCGTACGCGAACTTCACCCCGTCTCCGGGTTCTGCGATCCCAGCGCTGAAAGAACTGGCGGAGAAAAAAGGTGTTCCGCACGCGGGTAACGACGGTAAAACCGGTGAAACCCTGGTTAAAACCACTCTGGCTCCGATGTTCGCGTACCGTAACATGGAAGTTGTTGGCTGGATGTCTTACAACATCCTCGGTGACTACGACGGTAAAGTTCTGTCTGCGCGTGACAACAAAGAATCTAAAGTTCTGAGCAAAGACAAAGTTCTGGAAAAAATGCTGGGTTACTCTCCGTACAGCATCACCGAAATCCAATACTTCCCGTCTCTGGTTGACAACAAAACCGCGTTCGACTTCGTTCACTTCAAAGGCTTCCTCGGTAAACTGATGAAATTCTACTTCATCTGGGATGCGATCGACGCGATCGTTGCGGCTCCGCTGATCCTCGACATCGCGCGTTTCCTGCTGTTCGCGAAGAAAAAAGGTGTTAAAGGCGTTGTTAAAGAAATGGCATTCTTCTTCAAATCTCCGATGGACACCAACGTTATCAACACCCACGAACAGTTCGTTGTTCTGAAAGAATGGTACAGCAACCTGAAATAA
MKV_scg_73,ATGAAAGTATGGCTGGTTGGTGCTTACGGTATCGTTTCTACTACTGCTATGGTTGGTGCTCGTGCTATCGAACGTGGTATTGCTCCGAAAATCGGTCTGGTTTCTGAACTGCCGCACTTCGAAGGTATCGAAAAATATGCTCCGTTCTCTTTCGAATTTGGTGGTCACGAAATTCGTCTGCTGAGCAACGCGTACGAAGCGGCGAAAGAACATTGGGAACTGAACCGTCACTTCGACCGTGAAATCCTCGAAGCGGTAAAATCTGACCTGGAAGGTATCGTTGCTCGTAAAGGTACCGCGCTGAACTGTGGTTCTGGTATCAAAGAACTGGGTGACATCAAAACTCTGGAAGGTGAAGGTCTGTCTCTGGCGGAAATGGTTTCTCGTATCGAAGAAGATATCAAATCTTTCGCGGACGACGAAACCGTTGTTATCAACGTTGCGTCTACCGAACCGCTTCCGAACTACTCTGAAGAGTACCACGGTTCTCTGGAAGGTTTCGAACGGATGATTGACGAAGACCGTAAAGAATACGCTTCTGCGTCTATGCTGTACGCTTACGCGGCGCTGAAACTGGGTCTGCCGTACGCGAACTTCACCCCGTCTCCGGGTTCTGCGATCCCAGCGCTGAAAGAACTGGCGGAGAAAAAAGGTGTTCCGCACGCGGGTAACGACGGTAAAACCGGTGAAACCCTGGTTAAAACCACCCTGGCTCCGATGTTCGCGTACCGTAACATGGAAGTTGTTGGCTGGATGTCTTACAACATCCTCGGTGACTACGACGGTAAAGTTCTGTCTGCGCGTGACAACAAAGAATCTAAAGTTCTGAGCAAAGACAAAGTTCTGGAAAAAATGCTGGGTTACTCTCCGTACAGCATCACCGAAATCCAATACTTCCCGTCTCTGGTTGACAACAAAACCGCGTTCGACTTCGTTCACTTCAAAGGCTTCCTCGGTAAACTGATGAAATTCTACTTCATCTGGGATGCGATCGACGCGATCGTTGCGGCTCCGCTGATCCTCGACATCGCGCGTTTCCTGCTGTTCGCGAAGAAAAAAGGTGTTAAAGGTGTTGTTAAAGAAATGGCCTTCTTCTTCAAATCCCCGATGGACACCAACGTTATCAACACCCACGAACAGTTCGTTGTTCTGAAAGAGTGGTACAGCAACCTGAAATAA
MKV_scg_74,ATGAAAGTATGGCTGGTTGGTGCTTACGGTATCGTTTCTACTACTGCTATGGTTGGTGCTCGTGCTATCGAACGTGGTATTGCTCCGAAAATCGGTCTGGTTTCTGAACTGCCGCACTTCGAAGGTATCGAAAAATATGCTCCGTTCTCTTTCGAATTTGGTGGTCACGAAATTCGTCTGCTGAGCAACGCGTACGAAGCGGCGAAAGAACATTGGGAACTGAACCGTCACTTCGACCGTGAAATCCTCGAAGCGGTAAAATCTGACCTGGAAGGTATCGTTGCTCGTAAAGGTACCGCGCTGAACTGTGGTTCTGGTATCAAAGAACTGGGTGACATCAAAACTCTGGAAGGTGAAGGTCTGTCTCTGGCGGAAATGGTTTCTCGTATCGAAGAAGATATCAAATCTTTCGCGGACGACGAAACCGTTGTTATCAACGTTGCGTCTACCGAACCGCTTCCGAACTACTCTGAAGAGTACCACGGTTCTCTGGAAGGTTTCGAACGGATGATTGACGAAGACCGTAAAGAATACGCTTCTGCGTCTATGCTGTACGCTTACGCGGCGCTGAAACTGGGTCTGCCGTACGCGAACTTCACCCCGTCTCCGGGTTCTGCGATCCCAGCGCTGAAAGAACTGGCGGAGAAAAAAGGTGTTCCGCACGCGGGTAACGACGGTAAAACCGGTGAAACCCTGGTTAAAACCACCCTGGCTCCGATGTTCGCGTACCGTAACATGGAAGTTGTTGGCTGGATGTCTTACAACATCCTCGGTGACTACGACGGTAAAGTTCTGTCTGCGCGTGACAACAAAGAATCTAAAGTTCTGAGCAAAGACAAAGTTCTGGAAAAAATGCTGGGTTACTCTCCGTACAGCATCACCGAAATCCAATACTTCCCGTCTCTGGTTGACAACAAAACCGCGTTCGACTTCGTTCACTTCAAAGGCTTCCTCGGTAAACTGATGAAATTCTACTTCATCTGGGATGCGATCGACGCGATCGTTGCGGCTCCGCTGATCCTCGACATCGCGCGTTTCCTGCTGTTCGCGAAGAAAAAAGGTGTTAAAGGTGTTGTTAAAGAAATGGCCTTCTTCTTCAAATCCCCGATGGACACCAACGTTATCAACACCCACGAACAGTTCGTTGTTCTGAAAGAATGGTACTCTAACCTGAAATAA
MKV_scg_75,ATGAAAGTATGGCTGGTTGGTGCTTACGGTATCGTTTCTACTACTGCTATGGTTGGTGCTCGTGCTATCGAACGTGGTATTGCTCCGAAAATCGGTCTGGTTTCTGAACTGCCGCACTTCGAAGGTATCGAAAAATATGCTCCGTTCTCTTTCGAATTTGGTGGTCACGAAATTCGTCTGCTGAGCAACGCGTACGAAGCGGCGAAAGAACATTGGGAACTGAACCGTCACTTCGACCGTGAAATCCTCGAAGCGGTAAAATCTGACCTGGAAGGTATCGTTGCTCGTAAAGGTACCGCGCTGAACTGTGGTTCTGGTATCAAAGAACTGGGTGACATCAAAACTCTGGAAGGTGAAGGTCTGTCTCTGGCGGAAATGGTTTCTCGTATCGAAGAAGATATCAAATCTTTCGCGGACGACGAAACCGTTGTTATCAACGTTGCGTCTACCGAACCGCTTCCGAACTACTCTGAAGAGTACCACGGTTCTCTGGAAGGTTTCGAACGGATGATTGACGAAGACCGTAAAGAATACGCTTCTGCGTCTATGCTGTACGCTTACGCGGCGCTGAAACTGGGTCTGCCGTACGCGAACTTCACCCCGTCTCCGGGTTCTGCGATCCCAGCGCTGAAAGAACTGGCGGAGAAAAAAGGTGTTCCGCACGCGGGTAACGACGGTAAAACCGGTGAAACCCTGGTTAAAACCACTCTGGCTCCGATGTTCGCGTACCGTAACATGGAAGTTGTTGGCTGGATGTCTTACAACATCCTCGGTGACTACGACGGTAAAGTTCTGTCTGCGCGTGACAACAAAGAATCTAAAGTTCTGAGCAAAGACAAAGTTCTGGAAAAAATGCTGGGTTACTCTCCGTACAGCATCACCGAAATCCAATACTTCCCGTCTCTGGTTGACAACAAAACCGCGTTCGACTTCGTTCACTTCAAAGGCTTCCTCGGTAAACTGATGAAATTCTACTTCATCTGGGATGCGATCGACGCGATCGTTGCGGCTCCGCTGATCCTCGACATCGCGCGTTTCCTGCTGTTCGCGAAGAAAAAAGGTGTTAAAGGTGTTGTTAAAGAAATGGCCTTCTTCTTCAAATCTCCGATGGATACCAACGTTATCAACACCCACGAACAGTTCGTTGTTCTGAAAGAATGGTACAGCAACCTGAAATAA
MKV_scg_76,ATGAAAGTATGGCTGGTTGGTGCTTACGGTATCGTTTCTACTACTGCTATGGTTGGTGCTCGTGCTATCGAACGTGGTATTGCTCCGAAAATCGGTCTGGTTTCTGAACTGCCGCACTTCGAAGGTATCGAAAAATATGCTCCGTTCTCTTTCGAATTTGGTGGTCACGAAATTCGTCTGCTGAGCAACGCGTACGAAGCGGCGAAAGAACATTGGGAACTGAACCGTCACTTCGACCGTGAAATCCTCGAAGCGGTAAAATCTGACCTGGAAGGTATCGTTGCTCGTAAAGGTACCGCGCTGAACTGTGGTTCTGGTATCAAAGAACTGGGTGACATCAAAACTCTGGAAGGTGAAGGTCTGTCTCTGGCGGAAATGGTTTCTCGTATCGAAGAAGATATCAAATCTTTCGCGGACGACGAAACCGTTGTTATCAACGTTGCGTCTACCGAACCGCTTCCGAACTACTCTGAAGAGTACCACGGTTCTCTGGAAGGTTTCGAACGGATGATTGACGAAGACCGTAAAGAATACGCTTCTGCGTCTATGCTGTACGCTTACGCGGCGCTGAAACTGGGTCTGCCGTACGCGAACTTCACCCCGTCTCCGGGTTCTGCGATCCCAGCGCTGAAAGAACTGGCGGAGAAAAAAGGTGTTCCGCACGCGGGTAACGACGGTAAAACCGGTGAAACCCTGGTTAAAACCACCCTGGCTCCGATGTTCGCGTACCGTAACATGGAAGTTGTTGGCTGGATGTCTTACAACATCCTCGGTGACTACGACGGTAAAGTTCTGTCTGCGCGTGACAACAAAGAATCTAAAGTTCTGAGCAAAGACAAAGTTCTGGAAAAAATGCTGGGTTACTCTCCGTACAGCATCACCGAAATCCAATACTTCCCGTCTCTGGTTGACAACAAAACCGCGTTCGACTTCGTTCACTTCAAAGGCTTCCTCGGTAAACTGATGAAATTCTACTTCATCTGGGATGCGATCGACGCGATCGTTGCGGCTCCGCTGATCCTCGACATCGCGCGTTTCCTGCTGTTCGCGAAGAAAAAAGGTGTTAAAGGTGTTGTTAAAGAAATGGCGTTCTTCTTCAAATCTCCGATGGACACCAACGTCATCAACACCCACGAACAGTTCGTTGTTCTGAAAGAATGGTACTCCAACCTGAAATAA
MKV_scg_77,ATGAAAGTATGGCTGGTTGGTGCTTACGGTATCGTTTCTACTACTGCTATGGTTGGTGCTCGTGCTATCGAACGTGGTATTGCTCCGAAAATCGGTCTGGTTTCTGAACTGCCGCACTTCGAAGGTATCGAAAAATATGCTCCGTTCTCTTTCGAATTTGGTGGTCACGAAATTCGTCTGCTGAGCAACGCGTACGAAGCGGCGAAAGAACATTGGGAACTGAACCGTCACTTCGACCGTGAAATCCTCGAAGCGGTAAAATCTGACCTGGAAGGTATCGTTGCTCGTAAAGGTACCGCGCTGAACTGTGGTTCTGGTATCAAAGAACTGGGTGACATCAAAACTCTGGAAGGTGAAGGTCTGTCTCTGGCGGAAATGGTTTCTCGTATCGAAGAAGATATCAAATCTTTCGCGGACGACGAAACCGTTGTTATCAACGTTGCGTCTACCGAACCGCTTCCGAACTACTCTGAAGAGTACCACGGTTCTCTGGAAGGTTTCGAACGGATGATTGACGAAGACCGTAAAGAATACGCTTCTGCGTCTATGCTGTACGCTTACGCGGCGCTGAAACTGGGTCTGCCGTACGCGAACTTCACCCCGTCTCCGGGTTCTGCGATCCCAGCGCTGAAAGAACTGGCGGAGAAAAAAGGTGTTCCGCACGCGGGTAACGACGGTAAAACCGGTGAAACCCTGGTTAAAACCACCCTGGCTCCGATGTTCGCGTACCGTAACATGGAAGTTGTTGGCTGGATGTCTTACAACATCCTCGGTGACTACGACGGTAAAGTTCTGTCTGCGCGTGACAACAAAGAATCTAAAGTTCTGAGCAAAGACAAAGTTCTGGAAAAAATGCTGGGTTACTCTCCGTACAGCATCACCGAAATCCAATACTTCCCGTCTCTGGTTGACAACAAAACCGCGTTCGACTTCGTTCACTTCAAAGGCTTCCTCGGTAAACTGATGAAATTCTACTTCATCTGGGATGCGATCGACGCGATCGTTGCGGCTCCGCTGATCCTCGACATCGCGCGTTTCCTGCTGTTCGCGAAGAAAAAAGGTGTTAAAGGTGTTGTTAAAGAAATGGCCTTCTTCTTCAAATCTCCGATGGACACCAACGTCATCAACACCCACGAACAGTTCGTTGTTCTGAAAGAGTGGTACAGCAACCTGAAATAA
MKV_scg_78,ATGAAAGTATGGCTGGTTGGTGCTTACGGTATCGTTTCTACTACTGCTATGGTTGGTGCTCGTGCTATCGAACGTGGTATTGCTCCGAAAATCGGTCTGGTTTCTGAACTGCCGCACTTCGAAGGTATCGAAAAATATGCTCCGTTCTCTTTCGAATTTGGTGGTCACGAAATTCGTCTGCTGAGCAACGCGTACGAAGCGGCGAAAGAACATTGGGAACTGAACCGTCACTTCGACCGTGAAATCCTCGAAGCGGTAAAATCTGACCTGGAAGGTATCGTTGCTCGTAAAGGTACCGCGCTGAACTGTGGTTCTGGTATCAAAGAACTGGGTGACATCAAAACTCTGGAAGGTGAAGGTCTGTCTCTGGCGGAAATGGTTTCTCGTATCGAAGAAGATATCAAATCTTTCGCGGACGACGAAACCGTTGTTATCAACGTTGCGTCTACCGAACCGCTTCCGAACTACTCTGAAGAGTACCACGGTTCTCTGGAAGGTTTCGAACGGATGATTGACGAAGACCGTAAAGAATACGCTTCTGCGTCTATGCTGTACGCTTACGCGGCGCTGAAACTGGGTCTGCCGTACGCGAACTTCACCCCGTCTCCGGGTTCTGCGATCCCAGCGCTGAAAGAACTGGCGGAGAAAAAAGGTGTTCCGCACGCGGGTAACGACGGTAAAACCGGTGAAACCCTGGTTAAAACCACTCTGGCTCCGATGTTCGCGTACCGTAACATGGAAGTTGTTGGCTGGATGTCTTACAACATCCTCGGTGACTACGACGGTAAAGTTCTGTCTGCGCGTGACAACAAAGAATCTAAAGTTCTGAGCAAAGACAAAGTTCTGGAAAAAATGCTGGGTTACTCTCCGTACAGCATCACCGAAATCCAATACTTCCCGTCTCTGGTTGACAACAAAACCGCGTTCGACTTCGTTCACTTCAAAGGCTTCCTCGGTAAACTGATGAAATTCTACTTCATCTGGGATGCGATCGACGCGATCGTTGCGGCTCCGCTGATCCTCGACATCGCGCGTTTCCTGCTGTTCGCGAAGAAAAAAGGTGTTAAAGGTGTTGTTAAAGAAATGGCCTTCTTCTTCAAATCTCCGATGGACACCAACGTTATCAACACCCACGAACAGTTCGTTGTTCTGAAAGAATGGTACTCCAACCTGAAATAA
MKV_scg_79,ATGAAAGTATGGCTGGTTGGTGCTTACGGTATCGTTTCTACTACTGCTATGGTTGGTGCTCGTGCTATCGAACGTGGTATTGCTCCGAAAATCGGTCTGGTTTCTGAACTGCCGCACTTCGAAGGTATCGAAAAATATGCTCCGTTCTCTTTCGAATTTGGTGGTCACGAAATTCGTCTGCTGAGCAACGCGTACGAAGCGGCGAAAGAACATTGGGAACTGAACCGTCACTTCGACCGTGAAATCCTCGAAGCGGTAAAATCTGACCTGGAAGGTATCGTTGCTCGTAAAGGTACCGCGCTGAACTGTGGTTCTGGTATCAAAGAACTGGGTGACATCAAAACTCTGGAAGGTGAAGGTCTGTCTCTGGCGGAAATGGTTTCTCGTATCGAAGAAGATATCAAATCTTTCGCGGACGACGAAACCGTTGTTATCAACGTTGCGTCTACCGAACCGCTTCCGAACTACTCTGAAGAGTACCACGGTTCTCTGGAAGGTTTCGAACGGATGATTGACGAAGACCGTAAAGAATACGCTTCTGCGTCTATGCTGTACGCTTACGCGGCGCTGAAACTGGGTCTGCCGTACGCGAACTTCACCCCGTCTCCGGGTTCTGCGATCCCAGCGCTGAAAGAACTGGCGGAGAAAAAAGGTGTTCCGCACGCGGGTAACGACGGTAAAACCGGTGAAACCCTGGTTAAAACCACCCTGGCTCCGATGTTCGCGTACCGTAACATGGAAGTTGTTGGCTGGATGTCTTACAACATCCTCGGTGACTACGACGGTAAAGTTCTGTCTGCGCGTGACAACAAAGAATCTAAAGTTCTGAGCAAAGACAAAGTTCTGGAAAAAATGCTGGGTTACTCTCCGTACAGCATCACCGAAATCCAATACTTCCCGTCTCTGGTTGACAACAAAACCGCGTTCGACTTCGTTCACTTCAAAGGCTTCCTCGGTAAACTGATGAAATTCTACTTCATCTGGGATGCGATCGACGCGATCGTTGCGGCTCCGCTGATCCTCGACATCGCGCGTTTCCTGCTGTTCGCGAAGAAAAAAGGTGTTAAAGGTGTTGTTAAAGAAATGGCCTTCTTCTTCAAATCTCCGATGGACACCAACGTCATCAACACCCACGAACAGTTCGTTGTTCTGAAAGAATGGTACTCCAACCTGAAATAA
GS,ATGAAAGTTTGGCTAGTAGGAGCTTATGGGATTGTTTCGACCACCGCAATGGTGGGCGCAAGAGCCATCGAGCGCGGTATCGCGCCGAAAATCGGCTTGGTTAGCGAACTGCCGCACTTCGAGGGGATTGAGAAATACGCGCCATTTTCCTTCGAATTTGGTGGTCACGAGATTCGTCTGCTGTCTAACGCGTACGAAGCGGCCAAAGAACATTGGGAATTGAATCGTCATTTCGACCGTGAAATATTGGAGGCTGTGAAGTCCGATCTGGAGGGCATCGTGGCACGCAAGGGAACCGCCTTGAACTGCGGTAGCGGTATCAAAGAGTTAGGCGACATTAAAACCCTGGAGGGCGAAGGCTTGTCGCTGGCGGAAATGGTTAGTCGTATTGAGGAAGACATCAAGAGCTTTGCGGATGATGAAACTGTAGTCATCAACGTTGCCAGCACCGAGCCGCTGCCCAACTATAGCGAAGAGTACCATGGTTCCCTGGAAGGCTTTGAACGTATGATTGACGAAGACCGCAAAGAGTACGCGAGCGCCAGCATGCTTTATGCGTACGCTGCGCTGAAGCTGGGTCTGCCGTACGCGAATTTCACCCCGTCCCCGGGTAGCGCGATCCCGGCACTGAAGGAGCTGGCGGAAAAGAAGGGTGTTCCTCACGCAGGTAATGACGGCAAGACGGGTGAAACCCTGGTTAAAACGACCCTGGCTCCGATGTTTGCGTACCGTAATATGGAAGTTGTTGGTTGGATGAGCTATAACATCTTAGGCGACTATGATGGTAAGGTGTTGTCTGCTCGCGACAACAAAGAAAGCAAAGTGCTCAGCAAGGACAAAGTGCTCGAGAAGATGCTGGGCTATAGTCCATACAGCATTACGGAGATCCAATATTTCCCGAGCTTGGTGGATAACAAAACAGCGTTCGATTTTGTTCACTTCAAAGGCTTCCTGGGTAAGCTTATGAAATTCTACTTCATCTGGGATGCGATCGACGCTATCGTGGCCGCTCCGCTGATTCTGGATATTGCGCGTTTTCTGCTGTTTGCGAAAAAAAAGGGTGTCAAGGGCGTGGTAAAGGAGATGGCATTCTTCTTTAAATCTCCGATGGATACCAATGTCATTAACACCCACGAGCAGTTTGTTGTGCTGAAGGAGTGGTATTCCAACCTGAAGTAA
NP,ATGAAAGTTTGGCTGGTGGGCGCATACGGTATCGTCTCCACTACTGCTATGGTCGGTGCACGCGCAATCGAACGCGGTATTGCTCCGAAAATTGGCCTGGTGAGCGAACTGCCGCACTTCGAGGGTATCGAAAAATACGCACCGTTTTCTTTCGAATTTGGTGGTCACGAAATTCGCCTGCTGAGCAACGCCTACGAAGCAGCTAAAGAACACTGGGAGCTGAATCGCCACTTCGATCGCGAAATTCTGGAAGCCGTGAAAAGCGACCTGGAAGGTATCGTTGCGCGTAAGGGCACGGCACTGAATTGCGGCTCTGGCATTAAAGAACTGGGTGATATCAAGACTCTGGAAGGTGAAGGTCTGTCTCTGGCTGAGATGGTTAGCCGTATTGAAGAAGACATCAAAAGCTTCGCGGATGATGAGACTGTAGTCATCAACGTAGCATCCACTGAACCGCTGCCGAACTACAGCGAAGAATACCACGGTAGCCTGGAAGGCTTCGAACGCATGATTGATGAAGATCGCAAAGAATACGCCTCTGCTTCCATGCTGTATGCGTATGCTGCTCTGAAGCTGGGTCTGCCGTACGCAAACTTTACCCCATCTCCGGGCTCCGCAATTCCTGCTCTGAAAGAACTGGCGGAAAAAAAAGGTGTTCCTCACGCGGGTAACGACGGTAAAACCGGCGAAACCCTGGTGAAGACTACGCTGGCTCCGATGTTCGCGTACCGCAACATGGAAGTTGTGGGTTGGATGTCCTATAACATCCTGGGCGACTACGATGGTAAAGTGCTGTCTGCCCGTGACAACAAGGAATCCAAAGTTCTGAGCAAGGATAAAGTGCTGGAAAAAATGCTGGGCTATTCCCCGTACTCCATTACCGAAATTCAGTACTTTCCGTCCCTGGTAGATAACAAAACTGCTTTCGATTTCGTTCACTTCAAAGGTTTCCTGGGCAAGCTGATGAAATTCTATTTCATCTGGGACGCGATTGATGCAATCGTCGCAGCGCCTCTGATCCTGGACATCGCTCGTTTCCTGCTGTTCGCGAAAAAGAAAGGTGTCAAAGGTGTGGTGAAAGAAATGGCGTTCTTTTTCAAGTCCCCGATGGATACCAACGTTATCAACACTCATGAACAGTTCGTGGTGCTGAAAGAATGGTATAGCAACCTGAAATGA
YZ,ATGAAAGTGTGGCTGGTGGGCGCGTACGGCATTGTGAGCACCACCGCAATGGTGGGCGCGCGCGCCATTGAACGTGGCATTGCCCCGAAAATCGGCCTGGTGAGCGAACTGCCGCATTTTGAGGGCATCGAAAAATACGCGCCGTTTAGCTTTGAATTTGGTGGCCATGAAATTCGCCTGCTGAGCAACGCGTATGAAGCGGCGAAAGAACACTGGGAACTGAACCGTCATTTTGATCGCGAAATCCTGGAAGCGGTTAAAAGCGATCTGGAAGGCATTGTGGCGCGCAAAGGCACCGCCCTGAATTGCGGCAGCGGCATCAAAGAACTGGGTGACATTAAAACCCTGGAAGGCGAAGGCCTGAGCCTGGCGGAAATGGTGAGCCGTATTGAAGAAGATATTAAAAGCTTCGCGGATGATGAAACCGTGGTTATTAACGTGGCGAGCACCGAACCGCTGCCGAATTATAGCGAAGAATACCACGGCAGCCTGGAAGGCTTCGAACGCATGATTGACGAAGATCGCAAAGAATATGCCAGCGCGAGCATGCTGTACGCGTATGCAGCACTGAAACTGGGCCTGCCGTATGCGAATTTCACCCCGTCTCCGGGCAGCGCGATTCCGGCGCTGAAAGAACTGGCCGAAAAAAAAGGCGTGCCGCATGCGGGCAACGACGGCAAAACCGGCGAAACCTTAGTGAAAACCACCCTGGCCCCGATGTTTGCGTACCGCAACATGGAAGTGGTGGGCTGGATGAGCTACAACATTCTGGGTGACTATGATGGCAAAGTGCTGTCAGCGCGTGATAATAAAGAAAGCAAAGTGCTGAGCAAAGATAAAGTGCTGGAAAAAATGCTGGGCTATAGCCCGTATAGCATTACCGAAATTCAGTATTTTCCGAGCCTGGTGGACAATAAAACCGCGTTCGATTTTGTACATTTTAAAGGCTTCCTGGGCAAACTGATGAAATTTTACTTTATTTGGGATGCGATTGATGCCATTGTGGCGGCCCCGCTGATTCTGGATATTGCCCGCTTTCTGCTGTTCGCGAAAAAAAAAGGCGTAAAAGGTGTGGTTAAAGAAATGGCATTTTTCTTTAAAAGCCCGATGGATACTAACGTGATTAATACCCACGAACAGTTTGTCGTTCTGAAAGAATGGTATAGCAATCTGAAATGA
