name,SVM acc,SVM rank,LR acc,LR rank,MLP acc,MLP rank,RF acc,RF rank,total acc,total rank,sequence
WT,0.949,1,0.928,2,0.966,2,0.88,8,0.931,3.25,ATGCGTATCATTAACGTGAAAGACTACGAGGAAATGagcCGTAAGGCGGCGGATCTGATTGCGGCGCAGATCATTCTGAACCCGAAAAGCAGTCTGGGTCTGGCGCatGGCaaaAGCCCGATTGGTTTTTATGAGCGTCTGGTTGAACTGAACCGTAACGGCGTGATCGACTTCAGCCACGTTACCACCATTAACCTGGATGAGTACTATGGTCTGGACCCGACCCACGATCAGAGCTACCGTTATTTCATGAACAAGCACCTGTTTAGCCGTGTGAACATCAACATGGCGAACACCCACCTGCCGGATGGCaaGGCGAAAGACATTGATGCGGAGTGCATTCGTTACGACGATCTGATCGAAAGCGTTGGTGGCATTGACCTGCAACTGCTGGGTATCGGCCACAACGGTCACATTtttTTCAACGAGCCGAGCGATGAATTTATCCCGGGTACCCACTGCGTTAGCCTGAGCCAAAGCACCATTAACGCGAACAGCCTGATGTATTTTAGCCGTGACGAAGTGcaaCGTAAGGCGATCACCATGGGCATCAAAGCGATTATGCAAGCGCGTTATGTTCAGCTGATCGCGAGCGGCGAGGATCAAATTGAAATTCTGAAGAAAGCGCTGTTTGGTCCGATCACCCCGCAGGTGCCGGCGAGCATTCTGCAACTGCACAAGGACCTGACCGTTATCACCCCGCTGGATATTTGA
MRI_scg_3,0.94,14,0.894,8,0.885,3,0.86,13,0.895,9.5,ATGAGGATAATAAATGTGAAAGATTATGAGGAAATGTCGCGAAAAGCGGCGGATTTAATTGCCGCGCAGATAATATTAAATCCGAAATCCTCGTTAGGTCTGGCGCATGGAAAAAGCCCGATTGGCTTTTATGAACGCCTGGTGGAGCTGAACCGCAATGGCGTGATTGATTTTAGCCATGTGACGACGATTAACCTGGATGAGTACTATGGTCTGGACCCGACCCATGACCAGTCTTACCGTTACTTTATGAACAAACATCTGTTTAGCCGGGTGAATATCAACATGGCGAATACGCATCTGCCGGATGGTAAAGCGAAGGATATTGATGCGGAGTGTATTCGTTATGATGATTTGATTGAGTCGGTGGGGGGGATCGATTTGCAATTGCTGGGGATTGGTCATAACGGGCATATCTTCTTTAACGAGCCGAGTGATGAGTTTATTCCCGGCACGCATTGCGTTTCGTTATCGCAATCGACCATCAATGCCAACTCGCTGATGTATTTCTCGCGTGATGAAGTGCAACGTAAAGCGATCACCATGGGCATCAAAGCGATTATGCAGGCGCGTTATGTGCAGCTGATTGCCAGCGGTGAAGATCAGATTGAAATTCTGAAAAAAGCGCTGTTTGGGCCGATTACGCCGCAAGTTCCGGCGTCGATTTTACAATTGCATAAAGATTTAACGGTAATTACCCCATTGGATATTTAG
MRI_scg_31,0.947,3,0.896,3,0.877,9,0.85,30,0.892,11.25,ATGAGGATAATAAATGTGAAAGATTATGAGGAAATGTCGCGAAAAGCGGCGGATTTAATTGCCGCGCAGATAATATTAAATCCGAAATCCTCGTTAGGTCTGGCGCATGGAAAAAGCCCGATTGGCTTTTATGAACGCCTGGTGGAGCTGAACCGCAATGGCGTGATTGATTTTAGCCATGTGACGACGATTAACCTGGATGAGTACTATGGTCTGGACCCGACCCATGACCAGTCTTACCGTTACTTTATGAACAAACATCTGTTTAGCCGGGTGAATATCAACATGGCGAATACGCATCTGCCGGATGGTAAAGCGAAGGATATTGATGCGGAGTGTATTCGTTATGATGATTTGATTGAGTCGGTGGGGGGGATCGATTTGCAATTGCTGGGGATTGGTCATAACGGGCATATCTTCTTTAACGAGCCGAGTGATGAGTTTATTCCCGGCACGCATTGCGTTTCGTTATCGCAATCGACCATCAATGCCAACTCGCTGATGTATTTCTCGCGTGATGAAGTGCAACGTAAAGCGATCACCATGGGCATCAAAGCGATTATGCAGGCGCGTTATGTGCAGCTGATTGCCAGCGGTGAAGATCAGATTGAAATTCTGAAAAAAGCGCTGTTTGGGCCGATTACGCCGCAAGTTCCGGCGTCGATTTTACAATTGCATAAAGATTTAACGGTAATTACCCCGTTGGATATTTGA
MRI_scg_64,0.94,13,0.889,16,0.867,19,0.88,7,0.894,13.75,ATGAGGATAATAAATGTGAAAGATTATGAGGAAATGTCGCGAAAAGCGGCGGATTTAATTGCCGCGCAGATAATATTAAATCCGAAATCCTCGTTAGGTCTGGCGCATGGAAAAAGCCCGATTGGCTTTTATGAACGCCTGGTGGAGCTGAACCGCAATGGCGTGATTGATTTTAGCCATGTGACGACGATTAACCTGGATGAGTACTATGGTCTGGACCCGACCCATGACCAGTCTTACCGTTACTTTATGAACAAACATCTGTTTAGCCGGGTGAATATCAACATGGCGAATACGCATCTGCCGGATGGTAAAGCGAAGGATATTGATGCGGAGTGTATTCGTTATGATGATTTGATTGAGTCGGTGGGGGGGATCGATTTGCAATTGCTGGGGATTGGTCATAACGGGCATATCTTCTTTAACGAGCCGAGTGATGAGTTTATTCCCGGCACGCATTGCGTTTCGTTATCGCAATCGACCATCAATGCCAACTCGCTGATGTATTTCTCGCGTGATGAAGTGCAACGTAAAGCGATCACCATGGGCATCAAAGCGATTATGCAGGCGCGTTATGTGCAGCTGATTGCCAGCGGTGAAGATCAGATTGAAATTCTGAAAAAAGCGCTGTTTGGGCCGATTACGCCGCAAGTTCCGGCGTCGATTTTACAATTGCATAAAGATTTAACGGTAATTACCCCATTGGATATATGA
MRI_scg_19,0.945,5,0.896,5,0.875,11,0.84,39,0.889,15.0,ATGAGGATAATAAATGTGAAAGATTATGAGGAAATGTCGCGAAAAGCGGCGGATTTAATTGCCGCGCAGATAATATTAAATCCGAAATCCTCGTTAGGTCTGGCGCATGGAAAAAGCCCGATTGGCTTTTATGAACGCCTGGTGGAGCTGAACCGCAATGGCGTGATTGATTTTAGCCATGTGACGACGATTAACCTGGATGAGTACTATGGTCTGGACCCGACCCATGACCAGTCTTACCGTTACTTTATGAACAAACATCTGTTTAGCCGGGTGAATATCAACATGGCGAATACGCATCTGCCGGATGGTAAAGCGAAGGATATTGATGCGGAGTGTATTCGTTATGATGATTTGATTGAGTCGGTGGGGGGGATCGATTTGCAATTGCTGGGGATTGGTCATAACGGGCATATCTTCTTTAACGAGCCGAGTGATGAGTTTATTCCCGGCACGCATTGCGTTTCGTTATCGCAATCGACCATCAATGCCAACTCGCTGATGTATTTCTCGCGTGATGAAGTGCAACGTAAAGCGATCACCATGGGCATCAAAGCGATTATGCAGGCGCGTTATGTGCAGCTGATTGCCAGCGGTGAAGATCAGATTGAAATTCTGAAAAAAGCGCTGTTTGGGCCGATTACGCCGCAAGTTCCGGCGTCGATTTTACAATTGCATAAAGATTTAACGGTAATTACTCCGTTGGATATTTGA
MRI_scg_1,0.939,20,0.891,13,0.869,18,0.87,9,0.892,15.0,ATGAGGATAATAAATGTGAAAGATTATGAGGAAATGTCGCGAAAAGCGGCGGATTTAATTGCCGCGCAGATAATATTAAATCCGAAATCCTCGTTAGGTCTGGCGCATGGAAAAAGCCCGATTGGCTTTTATGAACGCCTGGTGGAGCTGAACCGCAATGGCGTGATTGATTTTAGCCATGTGACGACGATTAACCTGGATGAGTACTATGGTCTGGACCCGACCCATGACCAGTCTTACCGTTACTTTATGAACAAACATCTGTTTAGCCGGGTGAATATCAACATGGCGAATACGCATCTGCCGGATGGTAAAGCGAAGGATATTGATGCGGAGTGTATTCGTTATGATGATTTGATTGAGTCGGTGGGGGGGATCGATTTGCAATTGCTGGGGATTGGTCATAACGGGCATATCTTCTTTAACGAGCCGAGTGATGAGTTTATTCCCGGCACGCATTGCGTTTCGTTATCGCAATCGACCATCAATGCCAACTCGCTGATGTATTTCTCGCGTGATGAAGTGCAACGTAAAGCGATCACCATGGGCATCAAAGCGATTATGCAGGCGCGTTATGTGCAGCTGATTGCCAGCGGTGAAGATCAGATTGAAATTCTGAAAAAAGCGCTGTTTGGGCCGATTACGCCGCAAGTTCCGGCGTCGATTTTACAATTGCATAAAGATTTAACGGTAATTACTCCATTGGATATTTAG
MRI_scg_76,0.941,10,0.894,7,0.882,6,0.84,52,0.889,18.75,ATGAGGATAATAAATGTGAAAGATTATGAGGAAATGTCGCGAAAAGCGGCGGATTTAATTGCCGCGCAGATAATATTAAATCCGAAATCCTCGTTAGGTCTGGCGCATGGAAAAAGCCCGATTGGCTTTTATGAACGCCTGGTGGAGCTGAACCGCAATGGCGTGATTGATTTTAGCCATGTGACGACGATTAACCTGGATGAGTACTATGGTCTGGACCCGACCCATGACCAGTCTTACCGTTACTTTATGAACAAACATCTGTTTAGCCGGGTGAATATCAACATGGCGAATACGCATCTGCCGGATGGTAAAGCGAAGGATATTGATGCGGAGTGTATTCGTTATGATGATTTGATTGAGTCGGTGGGGGGGATCGATTTGCAATTGCTGGGGATTGGTCATAACGGGCATATCTTCTTTAACGAGCCGAGTGATGAGTTTATTCCCGGCACGCATTGCGTTTCGTTATCGCAATCGACCATCAATGCCAACTCGCTGATGTATTTCTCGCGTGATGAAGTGCAACGTAAAGCGATCACCATGGGCATCAAAGCGATTATGCAGGCGCGTTATGTGCAGCTGATTGCCAGCGGTGAAGATCAGATTGAAATTCTGAAAAAAGCGCTGTTTGGGCCGATTACGCCGCAAGTTCCGGCGTCGATTTTACAATTGCATAAAGATTTAACGGTAATTACCCCATTGGATATTTGA
MRI_scg_65,0.94,15,0.892,11,0.882,5,0.84,47,0.888,19.5,ATGAGGATAATAAATGTGAAAGATTATGAGGAAATGTCGCGAAAAGCGGCGGATTTAATTGCCGCGCAGATAATATTAAATCCGAAATCCTCGTTAGGTCTGGCGCATGGAAAAAGCCCGATTGGCTTTTATGAACGCCTGGTGGAGCTGAACCGCAATGGCGTGATTGATTTTAGCCATGTGACGACGATTAACCTGGATGAGTACTATGGTCTGGACCCGACCCATGACCAGTCTTACCGTTACTTTATGAACAAACATCTGTTTAGCCGGGTGAATATCAACATGGCGAATACGCATCTGCCGGATGGTAAAGCGAAGGATATTGATGCGGAGTGTATTCGTTATGATGATTTGATTGAGTCGGTGGGGGGGATCGATTTGCAATTGCTGGGGATTGGTCATAACGGGCATATCTTCTTTAACGAGCCGAGTGATGAGTTTATTCCCGGCACGCATTGCGTTTCGTTATCGCAATCGACCATCAATGCCAACTCGCTGATGTATTTCTCGCGTGATGAAGTGCAACGTAAAGCGATCACCATGGGCATCAAAGCGATTATGCAGGCGCGTTATGTGCAGCTGATTGCCAGCGGTGAAGATCAGATTGAAATTCTGAAAAAAGCGCTGTTTGGGCCGATTACGCCGCAAGTTCCGGCGTCGATTTTACAATTGCATAAAGATTTAACGGTAATTACGCCGTTGGATATATGA
MRI_scg_20,0.944,6,0.888,18,0.833,55,0.9,2,0.891,20.25,ATGAGGATAATAAATGTGAAAGATTATGAGGAAATGTCGCGAAAAGCGGCGGATTTAATTGCCGCGCAGATAATATTAAATCCGAAATCCTCGTTAGGTCTGGCGCATGGAAAAAGCCCGATTGGCTTTTATGAACGCCTGGTGGAGCTGAACCGCAATGGCGTGATTGATTTTAGCCATGTGACGACGATTAACCTGGATGAGTACTATGGTCTGGACCCGACCCATGACCAGTCTTACCGTTACTTTATGAACAAACATCTGTTTAGCCGGGTGAATATCAACATGGCGAATACGCATCTGCCGGATGGTAAAGCGAAGGATATTGATGCGGAGTGTATTCGTTATGATGATTTGATTGAGTCGGTGGGGGGGATCGATTTGCAATTGCTGGGGATTGGTCATAACGGGCATATCTTCTTTAACGAGCCGAGTGATGAGTTTATTCCCGGTACGCATTGCGTTTCGTTATCGCAATCGACCATCAATGCCAATTCGCTGATGTATTTTAGCCGTGATGAAGTGCAACGTAAAGCGATCACCATGGGCATCAAAGCGATTATGCAGGCGCGCTATGTGCAACTGATTGCCAGCGGGGAAGATCAGATTGAAATTCTGAAAAAAGCGCTGTTTGGGCCGATTACGCCGCAAGTTCCGGCGTCGATTTTACAATTGCATAAAGATTTAACGGTAATTACGCCGTTGGATATTTGA
MRI_scg_5,0.936,27,0.887,20,0.866,21,0.86,14,0.887,20.5,ATGAGGATAATAAATGTGAAAGATTATGAGGAAATGTCGCGAAAAGCGGCGGATTTAATTGCCGCGCAGATAATATTAAATCCGAAATCCTCGTTAGGTCTGGCGCATGGAAAAAGCCCGATTGGCTTTTATGAACGCCTGGTGGAGCTGAACCGCAATGGCGTGATTGATTTTAGCCATGTGACGACGATTAACCTGGATGAGTACTATGGTCTGGACCCGACCCATGACCAGTCTTACCGTTACTTTATGAACAAACATCTGTTTAGCCGGGTGAATATCAACATGGCGAATACGCATCTGCCGGATGGTAAAGCGAAGGATATTGATGCGGAGTGTATTCGTTATGATGATTTGATTGAGTCGGTGGGGGGGATCGATTTGCAATTGCTGGGGATTGGTCATAACGGGCATATCTTCTTTAACGAGCCGAGTGATGAGTTTATTCCCGGCACGCATTGCGTTTCGTTATCGCAATCGACCATCAATGCCAACTCGCTGATGTATTTCTCGCGTGATGAAGTGCAACGTAAAGCGATCACCATGGGCATCAAAGCGATTATGCAGGCGCGTTATGTGCAGCTGATTGCCAGCGGTGAAGATCAGATTGAAATTCTGAAAAAAGCGCTGTTTGGGCCGATTACGCCGCAAGTTCCGGCGTCGATTTTACAATTGCATAAAGATTTAACGGTAATTACTCCATTGGATATTTGA
MRI_scg_15,0.936,26,0.886,24,0.864,24,0.87,10,0.889,21.0,ATGAGGATAATAAATGTGAAAGATTATGAGGAAATGTCGCGAAAAGCGGCGGATTTAATTGCCGCGCAGATAATATTAAATCCGAAATCCTCGTTAGGTCTGGCGCATGGAAAAAGCCCGATTGGCTTTTATGAACGCCTGGTGGAGCTGAACCGCAATGGCGTGATTGATTTTAGCCATGTGACGACGATTAACCTGGATGAGTACTATGGTCTGGACCCGACCCATGACCAGTCTTACCGTTACTTTATGAACAAACATCTGTTTAGCCGGGTGAATATCAACATGGCGAATACGCATCTGCCGGATGGTAAAGCGAAGGATATTGATGCGGAGTGTATTCGTTATGATGATTTGATTGAGTCGGTGGGGGGGATCGATTTGCAATTGCTGGGGATTGGTCATAACGGGCATATCTTCTTTAACGAGCCGAGTGATGAGTTTATTCCCGGCACGCATTGCGTTTCGTTATCGCAATCGACCATCAATGCCAACTCGCTGATGTATTTCTCGCGTGATGAAGTGCAACGTAAAGCGATCACCATGGGCATCAAAGCGATTATGCAGGCGCGTTATGTGCAGCTGATTGCCAGCGGTGAAGATCAGATTGAAATTCTGAAAAAAGCGCTGTTTGGGCCGATTACGCCGCAAGTTCCGGCGTCGATTTTACAATTGCATAAAGATTTAACGGTAATTACTCCGTTGGATATTTAG
MRI_scg_52,0.937,25,0.886,25,0.873,12,0.86,23,0.889,21.25,ATGAGGATAATAAATGTGAAAGATTATGAGGAAATGTCGCGAAAAGCGGCGGATTTAATTGCCGCGCAGATAATATTAAATCCGAAATCCTCGTTAGGTCTGGCGCATGGAAAAAGCCCGATTGGCTTTTATGAACGCCTGGTGGAGCTGAACCGCAATGGCGTGATTGATTTTAGCCATGTGACGACGATTAACCTGGATGAGTACTATGGTCTGGACCCGACCCATGACCAGTCTTACCGTTACTTTATGAACAAACATCTGTTTAGCCGGGTGAATATCAACATGGCGAATACGCATCTGCCGGATGGTAAAGCGAAGGATATTGATGCGGAGTGTATTCGTTATGATGATTTGATTGAGTCGGTGGGGGGGATCGATTTGCAATTGCTGGGGATTGGTCATAACGGGCATATCTTCTTTAACGAGCCGAGTGATGAGTTTATTCCCGGCACGCATTGCGTTTCGTTATCGCAATCGACCATCAATGCCAACTCGCTGATGTATTTCTCGCGTGATGAAGTGCAACGTAAAGCGATCACCATGGGCATCAAAGCGATTATGCAGGCGCGTTATGTGCAGCTGATTGCCAGCGGTGAAGATCAGATTGAAATTCTGAAAAAAGCGCTGTTTGGGCCGATTACGCCGCAAGTTCCGGCGTCGATTTTACAATTGCATAAAGATTTAACGGTAATTACCCCGCTGGATATTTGA
MRI_scg_40,0.936,29,0.887,21,0.87,17,0.86,18,0.888,21.25,ATGAGGATAATAAATGTGAAAGATTATGAGGAAATGTCGCGAAAAGCGGCGGATTTAATTGCCGCGCAGATAATATTAAATCCGAAATCCTCGTTAGGTCTGGCGCATGGAAAAAGCCCGATTGGCTTTTATGAACGCCTGGTGGAGCTGAACCGCAATGGCGTGATTGATTTTAGCCATGTGACGACGATTAACCTGGATGAGTACTATGGTCTGGACCCGACCCATGACCAGTCTTACCGTTACTTTATGAACAAACATCTGTTTAGCCGGGTGAATATCAACATGGCGAATACGCATCTGCCGGATGGTAAAGCGAAGGATATTGATGCGGAGTGTATTCGTTATGATGATTTGATTGAGTCGGTGGGGGGGATCGATTTGCAATTGCTGGGGATTGGTCATAACGGGCATATCTTCTTTAACGAGCCGAGTGATGAGTTTATTCCCGGCACGCATTGCGTTTCGTTATCGCAATCGACCATCAATGCCAACTCGCTGATGTATTTCTCGCGTGATGAAGTGCAACGTAAAGCGATCACCATGGGCATCAAAGCGATTATGCAGGCGCGTTATGTGCAGCTGATTGCCAGCGGTGAAGATCAGATTGAAATTCTGAAAAAAGCGCTGTTTGGGCCGATTACGCCGCAAGTTCCGGCGTCGATTTTACAATTGCATAAAGATTTAACGGTAATTACGCCGTTGGATATTTGA
MRI_scg_7,0.941,12,0.891,12,0.876,10,0.83,53,0.884,21.75,ATGAGGATAATAAATGTGAAAGATTATGAGGAAATGTCGCGAAAAGCGGCGGATTTAATTGCCGCGCAGATAATATTAAATCCGAAATCCTCGTTAGGTCTGGCGCATGGAAAAAGCCCGATTGGCTTTTATGAACGCCTGGTGGAGCTGAACCGCAATGGCGTGATTGATTTTAGCCATGTGACGACGATTAACCTGGATGAGTACTATGGTCTGGACCCGACCCATGACCAGTCTTACCGTTACTTTATGAACAAACATCTGTTTAGCCGGGTGAATATCAACATGGCGAATACGCATCTGCCGGATGGTAAAGCGAAGGATATTGATGCGGAGTGTATTCGTTATGATGATTTGATTGAGTCGGTGGGGGGGATCGATTTGCAATTGCTGGGGATTGGTCATAACGGGCATATCTTCTTTAACGAGCCGAGTGATGAGTTTATTCCCGGCACGCATTGCGTTTCGTTATCGCAATCGACCATCAATGCCAACTCGCTGATGTATTTCTCGCGTGATGAAGTGCAACGTAAAGCGATCACCATGGGCATCAAAGCGATTATGCAGGCGCGTTATGTGCAGCTGATTGCCAGCGGTGAAGATCAGATTGAAATTCTGAAAAAAGCGCTGTTTGGGCCGATTACGCCGCAAGTTCCGGCGTCGATTTTACAATTGCATAAAGATTTAACGGTAATTACCCCATTGGATATCTGA
GS,0.944,7,0.938,1,0.978,1,0.8,81,0.915,22.5,ATGCGTATCATTAACGTGAAAGACTACGAGGAAATGAGCCGTAAGGCGGCGGATCTGATTGCGGCGCAGATCATTCTGAACCCGAAAAGCGTGCTGGGTCTGGCGACCGGCAGCAGCCCGATTGGTACCTATGAGCGTCTGGTTGAACTGAACCGTAACGGCGTGATCGACTTCAGCCACGTTACCACCATTAACCTGGATGAGTACTATGGTCTGGACCCGACCCACGATCAGAGCTACCGTTATTTCATGAACAAGCACCTGTTTAGCCGTGTGAACATCAACATGGCGAACACCCACCTGCCGGATGGCAAGGCGAAAGACATTGATGCGGAGTGCCGTCGTTACGACGATCTGATCGAAAGCGTTGGTGGCATTGACCTGCAACTGCTGGGTATCGGCCACAACGGTCACATTGGCTTCAACGAGCCGAGCGATGAATTTATCCCGGGTACCCACTGCGTTAGCCTGAGCGAGAGCACCATTAACGCGAACAGCCGTTTCTTTAAAAGCCGTGACGAAGTGCCGCGTAAGGCGATCACCATGGGCATCAAAGCGATTATGCAAGCGCGTAAGGTTCTGCTGATCGCGAGCGGCGAGGATAAGAAAGAAATTCTGAAGAAAGCGCTGTTTGGTCCGATCACCCCGCAGGTGCCGGCGAGCATTCTGCAACTGCACAAGGACCTGACCGTTATCACCCCGCTGGATATTTGA
MRI_scg_41,0.933,35,0.886,23,0.873,13,0.86,19,0.888,22.5,ATGAGGATAATAAATGTGAAAGATTATGAGGAAATGTCGCGAAAAGCGGCGGATTTAATTGCCGCGCAGATAATATTAAATCCGAAATCCTCGTTAGGTCTGGCGCATGGAAAAAGCCCGATTGGCTTTTATGAACGCCTGGTGGAGCTGAACCGCAATGGCGTGATTGATTTTAGCCATGTGACGACGATTAACCTGGATGAGTACTATGGTCTGGACCCGACCCATGACCAGTCTTACCGTTACTTTATGAACAAACATCTGTTTAGCCGGGTGAATATCAACATGGCGAATACGCATCTGCCGGATGGTAAAGCGAAGGATATTGATGCGGAGTGTATTCGTTATGATGATTTGATTGAGTCGGTGGGGGGGATCGATTTGCAATTGCTGGGGATTGGTCATAACGGGCATATCTTCTTTAACGAGCCGAGTGATGAGTTTATTCCCGGCACGCATTGCGTTTCGTTATCGCAATCGACCATCAATGCCAACTCGCTGATGTATTTCTCGCGTGATGAAGTGCAACGTAAAGCGATCACCATGGGCATCAAAGCGATTATGCAGGCGCGTTATGTGCAGCTGATTGCCAGCGGTGAAGATCAGATTGAAATTCTGAAAAAAGCGCTGTTTGGGCCGATTACGCCGCAAGTTCCGGCGTCGATTTTACAATTGCATAAAGATTTAACGGTAATTACGCCATTGGATATTTGA
MRI_scg_62,0.946,4,0.896,4,0.883,4,0.8,80,0.881,23.0,ATGAGGATAATAAATGTGAAAGATTATGAGGAAATGTCGCGAAAAGCGGCGGATTTAATTGCCGCGCAGATAATATTAAATCCGAAATCCTCGTTAGGTCTGGCGCATGGAAAAAGCCCGATTGGCTTTTATGAACGCCTGGTGGAGCTGAACCGCAATGGCGTGATTGATTTTAGCCATGTGACGACGATTAACCTGGATGAGTACTATGGTCTGGACCCGACCCATGACCAGTCTTACCGTTACTTTATGAACAAACATCTGTTTAGCCGGGTGAATATCAACATGGCGAATACGCATCTGCCGGATGGTAAAGCGAAGGATATTGATGCGGAGTGTATTCGTTATGATGATTTGATTGAGTCGGTGGGGGGGATCGATTTGCAATTGCTGGGGATTGGTCATAACGGGCATATCTTCTTTAACGAGCCGAGTGATGAGTTTATTCCCGGCACGCATTGCGTTTCGTTATCGCAATCGACCATCAATGCCAACTCGCTGATGTATTTCTCGCGTGATGAAGTGCAACGTAAAGCGATCACCATGGGCATCAAAGCGATTATGCAGGCGCGTTATGTGCAGCTGATTGCCAGCGGTGAAGATCAGATTGAAATTCTGAAAAAAGCGCTGTTTGGGCCGATTACGCCGCAAGTTCCGGCGTCGATTTTACAATTGCATAAAGATTTAACGGTAATTACCCCGTTGGATATTTAG
MRI_scg_22,0.943,8,0.892,10,0.879,8,0.82,66,0.883,23.0,ATGAGGATAATAAATGTGAAAGATTATGAGGAAATGTCGCGAAAAGCGGCGGATTTAATTGCCGCGCAGATAATATTAAATCCGAAATCCTCGTTAGGTCTGGCGCATGGAAAAAGCCCGATTGGCTTTTATGAACGCCTGGTGGAGCTGAACCGCAATGGCGTGATTGATTTTAGCCATGTGACGACGATTAACCTGGATGAGTACTATGGTCTGGACCCGACCCATGACCAGTCTTACCGTTACTTTATGAACAAACATCTGTTTAGCCGGGTGAATATCAACATGGCGAATACGCATCTGCCGGATGGTAAAGCGAAGGATATTGATGCGGAGTGTATTCGTTATGATGATTTGATTGAGTCGGTGGGGGGGATCGATTTGCAATTGCTGGGGATTGGTCATAACGGGCATATCTTCTTTAACGAGCCGAGTGATGAGTTTATTCCCGGCACGCATTGCGTTTCGTTATCGCAATCGACCATCAATGCCAACTCGCTGATGTATTTCTCGCGTGATGAAGTGCAACGTAAAGCGATCACCATGGGCATCAAAGCGATTATGCAGGCGCGTTATGTGCAGCTGATTGCCAGCGGTGAAGATCAGATTGAAATTCTGAAAAAAGCGCTGTTTGGGCCGATTACGCCGCAAGTTCCGGCGTCGATTTTACAATTGCATAAAGATTTAACGGTAATTACCCCGTTGGATATATGA
MRI_scg_13,0.93,45,0.882,30,0.87,16,0.92,1,0.9,23.0,ATGAGGATAATAAATGTGAAAGATTATGAGGAAATGTCGCGAAAAGCGGCGGATTTAATTGCCGCGCAGATAATATTAAATCCGAAATCCTCGTTAGGTCTGGCGCATGGAAAAAGCCCGATTGGCTTTTATGAACGCCTGGTGGAGCTGAACCGCAATGGCGTGATTGATTTTAGCCATGTGACGACGATTAACCTGGATGAGTACTATGGTCTGGACCCGACCCATGACCAGTCTTACCGTTACTTTATGAACAAACATCTGTTTAGCCGGGTGAATATCAACATGGCGAATACGCATCTGCCGGATGGTAAAGCGAAGGATATTGATGCGGAGTGTATTCGTTATGATGATTTGATTGAGTCGGTGGGGGGGATCGATTTGCAATTGCTGGGGATTGGTCATAACGGGCATATCTTCTTTAACGAGCCGAGTGATGAGTTTATTCCCGGCACGCATTGCGTTTCGTTATCGCAATCGACCATCAATGCCAACTCGCTGATGTATTTCTCGCGTGATGAAGTGCAACGTAAAGCGATCACCATGGGCATCAAAGCGATTATGCAGGCGCGTTATGTGCAGCTGATTGCCAGCGGTGAAGATCAGATTGAAATTCTGAAAAAAGCGCTGTTTGGGCCGATTACGCCGCAGGTTCCGGCGTCGATTTTACAATTGCATAAAGATTTAACGGTAATTACCCCGCTGGATATTTAA
MRI_scg_77,0.942,9,0.893,9,0.879,7,0.82,71,0.883,24.0,ATGAGGATAATAAATGTGAAAGATTATGAGGAAATGTCGCGAAAAGCGGCGGATTTAATTGCCGCGCAGATAATATTAAATCCGAAATCCTCGTTAGGTCTGGCGCATGGAAAAAGCCCGATTGGCTTTTATGAACGCCTGGTGGAGCTGAACCGCAATGGCGTGATTGATTTTAGCCATGTGACGACGATTAACCTGGATGAGTACTATGGTCTGGACCCGACCCATGACCAGTCTTACCGTTACTTTATGAACAAACATCTGTTTAGCCGGGTGAATATCAACATGGCGAATACGCATCTGCCGGATGGTAAAGCGAAGGATATTGATGCGGAGTGTATTCGTTATGATGATTTGATTGAGTCGGTGGGGGGGATCGATTTGCAATTGCTGGGGATTGGTCATAACGGGCATATCTTCTTTAACGAGCCGAGTGATGAGTTTATTCCCGGCACGCATTGCGTTTCGTTATCGCAATCGACCATCAATGCCAACTCGCTGATGTATTTCTCGCGTGATGAAGTGCAACGTAAAGCGATCACCATGGGCATCAAAGCGATTATGCAGGCGCGTTATGTGCAGCTGATTGCCAGCGGTGAAGATCAGATTGAAATTCTGAAAAAAGCGCTGTTTGGGCCGATTACGCCGCAAGTTCCGGCGTCGATTTTACAATTGCATAAAGATTTAACGGTAATTACTCCGTTGGATATATGA
MRI_scg_46,0.939,19,0.89,15,0.865,23,0.83,61,0.881,29.5,ATGAGGATAATAAATGTGAAAGATTATGAGGAAATGTCGCGAAAAGCGGCGGATTTAATTGCCGCGCAGATAATATTAAATCCGAAATCCTCGTTAGGTCTGGCGCATGGAAAAAGCCCGATTGGCTTTTATGAACGCCTGGTGGAGCTGAACCGCAATGGCGTGATTGATTTTAGCCATGTGACGACGATTAACCTGGATGAGTACTATGGTCTGGACCCGACCCATGACCAGTCTTACCGTTACTTTATGAACAAACATCTGTTTAGCCGGGTGAATATCAACATGGCGAATACGCATCTGCCGGATGGTAAAGCGAAGGATATTGATGCGGAGTGTATTCGTTATGATGATTTGATTGAGTCGGTGGGGGGGATCGATTTGCAATTGCTGGGGATTGGTCATAACGGGCATATCTTCTTTAACGAGCCGAGTGATGAGTTTATTCCCGGCACGCATTGCGTTTCGTTATCGCAATCGACCATCAATGCCAACTCGCTGATGTATTTCTCGCGTGATGAAGTGCAACGTAAAGCGATCACCATGGGCATCAAAGCGATTATGCAGGCGCGTTATGTGCAGCTGATTGCCAGCGGTGAAGATCAGATTGAAATTCTGAAAAAAGCGCTGTTTGGGCCGATTACGCCGCAAGTTCCGGCGTCGATTTTACAATTGCATAAAGATTTAACGGTAATTACGCCATTGGATATATGA
MRI_scg_16,0.94,18,0.89,14,0.872,14,0.8,76,0.875,30.5,ATGAGGATAATAAATGTGAAAGATTATGAGGAAATGTCGCGAAAAGCGGCGGATTTAATTGCCGCGCAGATAATATTAAATCCGAAATCCTCGTTAGGTCTGGCGCATGGAAAAAGCCCGATTGGCTTTTATGAACGCCTGGTGGAGCTGAACCGCAATGGCGTGATTGATTTTAGCCATGTGACGACGATTAACCTGGATGAGTACTATGGTCTGGACCCGACCCATGACCAGTCTTACCGTTACTTTATGAACAAACATCTGTTTAGCCGGGTGAATATCAACATGGCGAATACGCATCTGCCGGATGGTAAAGCGAAGGATATTGATGCGGAGTGTATTCGTTATGATGATTTGATTGAGTCGGTGGGGGGGATCGATTTGCAATTGCTGGGGATTGGTCATAACGGGCATATCTTCTTTAACGAGCCGAGTGATGAGTTTATTCCCGGCACGCATTGCGTTTCGTTATCGCAATCGACCATCAATGCCAACTCGCTGATGTATTTCTCGCGTGATGAAGTGCAACGTAAAGCGATCACCATGGGCATCAAAGCGATTATGCAGGCGCGTTATGTGCAGCTGATTGCCAGCGGTGAAGATCAGATTGAAATTCTGAAAAAAGCGCTGTTTGGGCCGATTACGCCGCAAGTTCCGGCGTCGATTTTACAATTGCATAAAGATTTAACGGTAATTACTCCGTTGGATATCTGA
MRI_scg_75,0.928,48,0.878,43,0.866,20,0.87,12,0.886,30.75,ATGAGGATAATAAATGTGAAAGATTATGAGGAAATGTCGCGAAAAGCGGCGGATTTAATTGCCGCGCAGATAATATTAAATCCGAAATCCTCGTTAGGTCTGGCGCATGGAAAAAGCCCGATTGGCTTTTATGAACGCCTGGTGGAGCTGAACCGCAATGGCGTGATTGATTTTAGCCATGTGACGACGATTAACCTGGATGAGTACTATGGTCTGGACCCGACCCATGACCAGTCTTACCGTTACTTTATGAACAAACATCTGTTTAGCCGGGTGAATATCAACATGGCGAATACGCATCTGCCGGATGGTAAAGCGAAGGATATTGATGCGGAGTGTATTCGTTATGATGATTTGATTGAGTCGGTGGGGGGGATCGATTTGCAATTGCTGGGGATTGGTCATAACGGGCATATCTTCTTTAACGAGCCGAGTGATGAGTTTATTCCCGGCACGCATTGCGTTTCGTTATCGCAATCGACCATCAATGCCAACTCGCTGATGTATTTCTCGCGTGATGAAGTGCAACGTAAAGCGATCACCATGGGCATCAAAGCGATTATGCAGGCGCGTTATGTGCAGCTGATTGCCAGCGGTGAAGATCAGATTGAAATTCTGAAAAAAGCGCTGTTTGGGCCGATTACGCCGCAAGTTCCGGCGTCGATTTTACAGCTACATAAAGATTTAACGGTAATTACCCCGCTGGATATTTAA
MRI_scg_26,0.936,30,0.885,27,0.864,25,0.84,42,0.881,31.0,ATGAGGATAATAAATGTGAAAGATTATGAGGAAATGTCGCGAAAAGCGGCGGATTTAATTGCCGCGCAGATAATATTAAATCCGAAATCCTCGTTAGGTCTGGCGCATGGAAAAAGCCCGATTGGCTTTTATGAACGCCTGGTGGAGCTGAACCGCAATGGCGTGATTGATTTTAGCCATGTGACGACGATTAACCTGGATGAGTACTATGGTCTGGACCCGACCCATGACCAGTCTTACCGTTACTTTATGAACAAACATCTGTTTAGCCGGGTGAATATCAACATGGCGAATACGCATCTGCCGGATGGTAAAGCGAAGGATATTGATGCGGAGTGTATTCGTTATGATGATTTGATTGAGTCGGTGGGGGGGATCGATTTGCAATTGCTGGGGATTGGTCATAACGGGCATATCTTCTTTAACGAGCCGAGTGATGAGTTTATTCCCGGCACGCATTGCGTTTCGTTATCGCAATCGACCATCAATGCCAACTCGCTGATGTATTTCTCGCGTGATGAAGTGCAACGTAAAGCGATCACCATGGGCATCAAAGCGATTATGCAGGCGCGTTATGTGCAGCTGATTGCCAGCGGTGAAGATCAGATTGAAATTCTGAAAAAAGCGCTGTTTGGGCCGATTACGCCGCAAGTTCCGGCGTCGATTTTACAATTGCATAAAGATTTAACGGTAATTACCCCATTGGATATTTAA
MRI_scg_39,0.931,40,0.879,37,0.86,31,0.86,17,0.882,31.25,ATGAGGATAATAAATGTGAAAGATTATGAGGAAATGTCGCGAAAAGCGGCGGATTTAATTGCCGCGCAGATAATATTAAATCCGAAATCCTCGTTAGGTCTGGCGCATGGAAAAAGCCCGATTGGCTTTTATGAACGCCTGGTGGAGCTGAACCGCAATGGCGTGATTGATTTTAGCCATGTGACGACGATTAACCTGGATGAGTACTATGGTCTGGACCCGACCCATGACCAGTCTTACCGTTACTTTATGAACAAACATCTGTTTAGCCGGGTGAATATCAACATGGCGAATACGCATCTGCCGGATGGTAAAGCGAAGGATATTGATGCGGAGTGTATTCGTTATGATGATTTGATTGAGTCGGTGGGGGGGATCGATTTGCAATTGCTGGGGATTGGTCATAACGGGCATATCTTCTTTAACGAGCCGAGTGATGAGTTTATTCCCGGCACGCATTGCGTTTCGTTATCGCAATCGACCATCAATGCCAACTCGCTGATGTATTTCTCGCGTGATGAAGTGCAACGTAAAGCGATCACCATGGGCATCAAAGCGATTATGCAGGCGCGTTATGTGCAGCTGATTGCCAGCGGTGAAGATCAGATTGAAATTCTGAAAAAAGCGCTGTTTGGGCCGATTACGCCGCAAGTTCCGGCGTCGATTTTACAATTGCATAAAGATTTAACGGTAATTACCCCATTAGATATTTAG
MRI_scg_51,0.939,21,0.889,17,0.863,28,0.83,62,0.88,32.0,ATGAGGATAATAAATGTGAAAGATTATGAGGAAATGTCGCGAAAAGCGGCGGATTTAATTGCCGCGCAGATAATATTAAATCCGAAATCCTCGTTAGGTCTGGCGCATGGAAAAAGCCCGATTGGCTTTTATGAACGCCTGGTGGAGCTGAACCGCAATGGCGTGATTGATTTTAGCCATGTGACGACGATTAACCTGGATGAGTACTATGGTCTGGACCCGACCCATGACCAGTCTTACCGTTACTTTATGAACAAACATCTGTTTAGCCGGGTGAATATCAACATGGCGAATACGCATCTGCCGGATGGTAAAGCGAAGGATATTGATGCGGAGTGTATTCGTTATGATGATTTGATTGAGTCGGTGGGGGGGATCGATTTGCAATTGCTGGGGATTGGTCATAACGGGCATATCTTCTTTAACGAGCCGAGTGATGAGTTTATTCCCGGCACGCATTGCGTTTCGTTATCGCAATCGACCATCAATGCCAACTCGCTGATGTATTTCTCGCGTGATGAAGTGCAACGTAAAGCGATCACCATGGGCATCAAAGCGATTATGCAGGCGCGTTATGTGCAGCTGATTGCCAGCGGTGAAGATCAGATTGAAATTCTGAAAAAAGCGCTGTTTGGGCCGATTACGCCGCAAGTTCCGGCGTCGATTTTACAATTGCATAAAGATTTAACGGTAATAACGCCATTAGATATTTAG
MRI_scg_36,0.938,22,0.888,19,0.86,32,0.83,58,0.879,32.75,ATGAGGATAATAAATGTGAAAGATTATGAGGAAATGTCGCGAAAAGCGGCGGATTTAATTGCCGCGCAGATAATATTAAATCCGAAATCCTCGTTAGGTCTGGCGCATGGAAAAAGCCCGATTGGCTTTTATGAACGCCTGGTGGAGCTGAACCGCAATGGCGTGATTGATTTTAGCCATGTGACGACGATTAACCTGGATGAGTACTATGGTCTGGACCCGACCCATGACCAGTCTTACCGTTACTTTATGAACAAACATCTGTTTAGCCGGGTGAATATCAACATGGCGAATACGCATCTGCCGGATGGTAAAGCGAAGGATATTGATGCGGAGTGTATTCGTTATGATGATTTGATTGAGTCGGTGGGGGGGATCGATTTGCAATTGCTGGGGATTGGTCATAACGGGCATATCTTCTTTAACGAGCCGAGTGATGAGTTTATTCCCGGCACGCATTGCGTTTCGTTATCGCAATCGACCATCAATGCCAACTCGCTGATGTATTTCTCGCGTGATGAAGTGCAACGTAAAGCGATCACCATGGGCATCAAAGCGATTATGCAGGCGCGTTATGTGCAGCTGATTGCCAGCGGTGAAGATCAGATTGAAATTCTGAAAAAAGCGCTGTTTGGGCCGATTACGCCGCAAGTTCCGGCGTCGATTTTACAATTGCATAAAGATTTAACGGTAATTACTCCATTGGATATATGA
MRI_scg_8,0.935,31,0.882,31,0.872,15,0.83,54,0.88,32.75,ATGAGGATAATAAATGTGAAAGATTATGAGGAAATGTCGCGAAAAGCGGCGGATTTAATTGCCGCGCAGATAATATTAAATCCGAAATCCTCGTTAGGTCTGGCGCATGGAAAAAGCCCGATTGGCTTTTATGAACGCCTGGTGGAGCTGAACCGCAATGGCGTGATTGATTTTAGCCATGTGACGACGATTAACCTGGATGAGTACTATGGTCTGGACCCGACCCATGACCAGTCTTACCGTTACTTTATGAACAAACATCTGTTTAGCCGGGTGAATATCAACATGGCGAATACGCATCTGCCGGATGGTAAAGCGAAGGATATTGATGCGGAGTGTATTCGTTATGATGATTTGATTGAGTCGGTGGGGGGGATCGATTTGCAATTGCTGGGGATTGGTCATAACGGGCATATCTTCTTTAACGAGCCGAGTGATGAGTTTATTCCCGGCACGCATTGCGTTTCGTTATCGCAATCGACCATCAATGCCAACTCGCTGATGTATTTCTCGCGTGATGAAGTGCAACGTAAAGCGATCACCATGGGCATCAAAGCGATTATGCAGGCGCGTTATGTGCAGCTGATTGCCAGCGGTGAAGATCAGATTGAAATTCTGAAAAAAGCGCTGTTTGGGCCGATTACGCCGCAAGTTCCGGCGTCGATTTTACAATTGCATAAAGATTTAACGGTAATTACCCCGTTGGATATCTGA
MRI_scg_66,0.932,38,0.882,29,0.856,36,0.85,32,0.88,33.75,ATGAGGATAATAAATGTGAAAGATTATGAGGAAATGTCGCGAAAAGCGGCGGATTTAATTGCCGCGCAGATAATATTAAATCCGAAATCCTCGTTAGGTCTGGCGCATGGAAAAAGCCCGATTGGCTTTTATGAACGCCTGGTGGAGCTGAACCGCAATGGCGTGATTGATTTTAGCCATGTGACGACGATTAACCTGGATGAGTACTATGGTCTGGACCCGACCCATGACCAGTCTTACCGTTACTTTATGAACAAACATCTGTTTAGCCGGGTGAATATCAACATGGCGAATACGCATCTGCCGGATGGTAAAGCGAAGGATATTGATGCGGAGTGTATTCGTTATGATGATTTGATTGAGTCGGTGGGGGGGATCGATTTGCAATTGCTGGGGATTGGTCATAACGGGCATATCTTCTTTAACGAGCCGAGTGATGAGTTTATTCCCGGCACGCATTGCGTTTCGTTATCGCAATCGACCATCAATGCCAACTCGCTGATGTATTTCTCGCGTGATGAAGTGCAACGTAAAGCGATCACCATGGGCATCAAAGCGATTATGCAGGCGCGTTATGTGCAGCTGATTGCCAGCGGTGAAGATCAGATTGAAATTCTGAAAAAAGCGCTGTTTGGGCCGATTACGCCGCAAGTTCCGGCGTCGATTTTACAATTGCATAAAGATTTAACGGTAATTACGCCATTGGATATTTAA
MRI_scg_69,0.933,34,0.878,41,0.861,30,0.85,33,0.88,34.5,ATGAGGATAATAAATGTGAAAGATTATGAGGAAATGTCGCGAAAAGCGGCGGATTTAATTGCCGCGCAGATAATATTAAATCCGAAATCCTCGTTAGGTCTGGCGCATGGAAAAAGCCCGATTGGCTTTTATGAACGCCTGGTGGAGCTGAACCGCAATGGCGTGATTGATTTTAGCCATGTGACGACGATTAACCTGGATGAGTACTATGGTCTGGACCCGACCCATGACCAGTCTTACCGTTACTTTATGAACAAACATCTGTTTAGCCGGGTGAATATCAACATGGCGAATACGCATCTGCCGGATGGTAAAGCGAAGGATATTGATGCGGAGTGTATTCGTTATGATGATTTGATTGAGTCGGTGGGGGGGATCGATTTGCAATTGCTGGGGATTGGTCATAACGGGCATATCTTCTTTAACGAGCCGAGTGATGAGTTTATTCCCGGCACGCATTGCGTTTCGTTATCGCAATCGACCATCAATGCCAACTCGCTGATGTATTTCTCGCGTGATGAAGTGCAACGTAAAGCGATCACCATGGGCATCAAAGCGATTATGCAGGCGCGTTATGTGCAGCTGATTGCCAGCGGTGAAGATCAGATTGAAATTCTGAAAAAAGCGCTGTTTGGGCCGATTACGCCGCAAGTTCCGGCGTCGATTTTACAATTGCATAAAGATTTAACGGTAATTACCCCACTGGATATTTAA
MRI_scg_49,0.938,23,0.878,45,0.818,66,0.88,6,0.878,35.0,ATGAGGATAATAAATGTGAAAGATTATGAGGAAATGTCGCGAAAAGCGGCGGATTTAATTGCCGCGCAGATAATATTAAATCCGAAATCCTCGTTAGGTCTGGCGCATGGAAAAAGCCCGATTGGCTTTTATGAACGCCTGGTGGAGCTGAACCGCAATGGCGTGATTGATTTTAGCCATGTGACGACGATTAACCTGGATGAGTACTATGGTCTGGACCCGACCCATGACCAGTCTTACCGTTACTTTATGAACAAACATCTGTTTAGCCGGGTGAATATCAACATGGCGAATACGCATCTGCCGGATGGTAAAGCGAAGGATATTGATGCGGAGTGTATTCGTTATGATGATTTGATTGAGTCGGTGGGGGGGATCGATTTGCAATTGCTGGGGATTGGTCATAACGGGCATATCTTCTTTAACGAGCCGAGTGATGAGTTTATTCCCGGTACGCATTGCGTTTCGTTATCGCAATCGACCATCAATGCCAATTCGCTGATGTATTTTAGCCGTGATGAAGTGCAACGTAAAGCGATCACCATGGGCATCAAAGCGATTATGCAGGCGCGCTATGTGCAACTGATTGCCAGCGGGGAAGATCAGATTGAAATTCTGAAAAAAGCGCTGTTTGGGCCGATTACGCCGCAAGTTCCGGCGTCGATTTTACAATTGCATAAAGATTTAACGGTAATTACGCCGTTGGATATTTAA
MRI_scg_35,0.931,39,0.88,36,0.856,35,0.85,31,0.879,35.25,ATGAGGATAATAAATGTGAAAGATTATGAGGAAATGTCGCGAAAAGCGGCGGATTTAATTGCCGCGCAGATAATATTAAATCCGAAATCCTCGTTAGGTCTGGCGCATGGAAAAAGCCCGATTGGCTTTTATGAACGCCTGGTGGAGCTGAACCGCAATGGCGTGATTGATTTTAGCCATGTGACGACGATTAACCTGGATGAGTACTATGGTCTGGACCCGACCCATGACCAGTCTTACCGTTACTTTATGAACAAACATCTGTTTAGCCGGGTGAATATCAACATGGCGAATACGCATCTGCCGGATGGTAAAGCGAAGGATATTGATGCGGAGTGTATTCGTTATGATGATTTGATTGAGTCGGTGGGGGGGATCGATTTGCAATTGCTGGGGATTGGTCATAACGGGCATATCTTCTTTAACGAGCCGAGTGATGAGTTTATTCCCGGCACGCATTGCGTTTCGTTATCGCAATCGACCATCAATGCCAACTCGCTGATGTATTTCTCGCGTGATGAAGTGCAACGTAAAGCGATCACCATGGGCATCAAAGCGATTATGCAGGCGCGTTATGTGCAGCTGATTGCCAGCGGTGAAGATCAGATTGAAATTCTGAAAAAAGCGCTGTTTGGGCCGATTACGCCGCAAGTTCCGGCGTCGATTTTACAATTGCATAAAGATTTAACGGTAATTACGCCTTTGGATATCTGA
MRI_scg_42,0.93,44,0.88,35,0.85,42,0.86,20,0.88,35.25,ATGAGGATAATAAATGTGAAAGATTATGAGGAAATGTCGCGAAAAGCGGCGGATTTAATTGCCGCGCAGATAATATTAAATCCGAAATCCTCGTTAGGTCTGGCGCATGGAAAAAGCCCGATTGGCTTTTATGAACGCCTGGTGGAGCTGAACCGCAATGGCGTGATTGATTTTAGCCATGTGACGACGATTAACCTGGATGAGTACTATGGTCTGGACCCGACCCATGACCAGTCTTACCGTTACTTTATGAACAAACATCTGTTTAGCCGGGTGAATATCAACATGGCGAATACGCATCTGCCGGATGGTAAAGCGAAGGATATTGATGCGGAGTGTATTCGTTATGATGATTTGATTGAGTCGGTGGGGGGGATCGATTTGCAATTGCTGGGGATTGGTCATAACGGGCATATCTTCTTTAACGAGCCGAGTGATGAGTTTATTCCCGGCACGCATTGCGTTTCGTTATCGCAATCGACCATCAATGCCAACTCGCTGATGTATTTCTCGCGTGATGAAGTGCAACGTAAAGCGATCACCATGGGCATCAAAGCGATTATGCAGGCGCGTTATGTGCAGCTGATTGCCAGCGGTGAAGATCAGATTGAAATTCTGAAAAAAGCGCTGTTTGGGCCGATTACGCCGCAAGTTCCGGCGTCGATTTTACAATTGCATAAAGATTTAACGGTAATTACGCCATTAGATATTTAG
MRI_scg_73,0.933,33,0.878,42,0.852,40,0.86,27,0.881,35.5,ATGAGGATAATAAATGTGAAAGATTATGAGGAAATGTCGCGAAAAGCGGCGGATTTAATTGCCGCGCAGATAATATTAAATCCGAAATCCTCGTTAGGTCTGGCGCATGGAAAAAGCCCGATTGGCTTTTATGAACGCCTGGTGGAGCTGAACCGCAATGGCGTGATTGATTTTAGCCATGTGACGACGATTAACCTGGATGAGTACTATGGTCTGGACCCGACCCATGACCAGTCTTACCGTTACTTTATGAACAAACATCTGTTTAGCCGGGTGAATATCAACATGGCGAATACGCATCTGCCGGATGGTAAAGCGAAGGATATTGATGCGGAGTGTATTCGTTATGATGATTTGATTGAGTCGGTGGGGGGGATCGATTTGCAATTGCTGGGGATTGGTCATAACGGGCATATCTTCTTTAACGAGCCGAGTGATGAGTTTATTCCCGGCACGCATTGCGTTTCGTTATCGCAATCGACCATCAATGCCAACTCGCTGATGTATTTCTCGCGTGATGAAGTGCAACGTAAAGCGATCACCATGGGCATCAAAGCGATTATGCAGGCGCGTTATGTGCAGCTGATTGCCAGCGGTGAAGATCAGATTGAAATTCTGAAAAAAGCGCTGTTTGGGCCGATTACGCCGCAAGTTCCGGCGTCGATTTTACAATTGCATAAAGATTTAACGGTAATTACCCCATTAGATATCTGA
MRI_scg_27,0.925,53,0.875,51,0.86,33,0.88,5,0.885,35.5,ATGAGGATAATAAATGTGAAAGATTATGAGGAAATGTCGCGAAAAGCGGCGGATTTAATTGCCGCGCAGATAATATTAAATCCGAAATCCTCGTTAGGTCTGGCGCATGGAAAAAGCCCGATTGGCTTTTATGAACGCCTGGTGGAGCTGAACCGCAATGGCGTGATTGATTTTAGCCATGTGACGACGATTAACCTGGATGAGTACTATGGTCTGGACCCGACCCATGACCAGTCTTACCGTTACTTTATGAACAAACATCTGTTTAGCCGGGTGAATATCAACATGGCGAATACGCATCTGCCGGATGGTAAAGCGAAGGATATTGATGCGGAGTGTATTCGTTATGATGATTTGATTGAGTCGGTGGGGGGGATCGATTTGCAATTGCTGGGGATTGGTCATAACGGGCATATCTTCTTTAACGAGCCGAGTGATGAGTTTATTCCCGGCACGCATTGCGTTTCGTTATCGCAATCGACCATCAATGCCAACTCGCTGATGTATTTCTCGCGTGATGAAGTGCAACGTAAAGCGATCACCATGGGCATCAAAGCGATTATGCAGGCGCGTTATGTGCAGCTGATTGCCAGCGGTGAAGATCAGATTGAAATTCTGAAAAAAGCGCTGTTTGGGCCGATTACGCCGCAAGTTCCGGCGTCGATTTTACAATTGCATAAAGATTTAACGGTAATTACCCCGCTGGATATTTAA
MRI_scg_58,0.947,2,0.894,6,0.827,59,0.8,78,0.867,36.25,ATGAGGATAATAAATGTGAAAGATTATGAGGAAATGTCGCGAAAAGCGGCGGATTTAATTGCCGCGCAGATAATATTAAATCCGAAATCCTCGTTAGGTCTGGCGCATGGAAAAAGCCCGATTGGCTTTTATGAACGCCTGGTGGAGCTGAACCGCAATGGCGTGATTGATTTTAGCCATGTGACGACGATTAACCTGGATGAGTACTATGGTCTGGACCCGACCCATGACCAGTCTTACCGTTACTTTATGAACAAACATCTGTTTAGCCGGGTGAATATCAACATGGCGAATACGCATCTGCCGGATGGTAAAGCGAAGGATATTGATGCGGAGTGTATTCGTTATGATGATTTGATTGAGTCGGTGGGGGGGATCGATTTGCAATTGCTGGGGATTGGTCATAACGGGCATATCTTCTTTAACGAGCCGAGTGATGAGTTTATTCCCGGTACGCATTGCGTTTCGTTATCGCAATCGACCATCAATGCCAATTCGCTGATGTATTTTAGCCGTGATGAAGTGCAACGTAAAGCGATCACCATGGGCATCAAAGCGATTATGCAGGCGCGTTATGTGCAGCTGATTGCCAGCGGTGAAGATCAGATTGAAATTCTGAAAAAAGCGCTGTTTGGGCCGATTACGCCGCAAGTTCCGGCGTCGATTTTACAATTGCATAAAGATTTAACGGTAATTACGCCGTTGGATATTTGA
MRI_scg_72,0.92,60,0.869,56,0.863,27,0.9,3,0.888,36.5,ATGAGGATAATAAATGTGAAAGATTATGAGGAAATGTCGCGAAAAGCGGCGGATTTAATTGCCGCGCAGATAATATTAAATCCGAAATCCTCGTTAGGTCTGGCGCATGGAAAAAGCCCGATTGGCTTTTATGAACGCCTGGTGGAGCTGAACCGCAATGGCGTGATTGATTTTAGCCATGTGACGACGATTAACCTGGATGAGTACTATGGTCTGGACCCGACCCATGACCAGTCTTACCGTTACTTTATGAACAAACATCTGTTTAGCCGGGTGAATATCAACATGGCGAATACGCATCTGCCGGATGGTAAAGCGAAGGATATTGATGCGGAGTGTATTCGTTATGATGATTTGATTGAGTCGGTGGGGGGGATCGATTTGCAATTGCTGGGGATTGGTCATAACGGGCATATCTTCTTTAACGAGCCGAGTGATGAGTTTATTCCCGGCACGCATTGCGTTTCGTTATCGCAATCGACCATCAATGCCAACTCGCTGATGTATTTCTCGCGTGATGAAGTGCAACGTAAAGCGATCACCATGGGCATCAAAGCGATTATGCAGGCGCGTTATGTGCAGCTGATTGCCAGCGGTGAAGATCAGATTGAAATTCTGAAAAAAGCGCTGTTTGGGCCGATTACGCCGCAAGTTCCGGCGTCGATTTTACAGTTGCATAAAGATTTAACGGTAATTACCCCGCTGGATATTTAA
MRI_scg_79,0.94,17,0.887,22,0.843,50,0.83,64,0.875,38.25,ATGAGGATAATAAATGTGAAAGATTATGAGGAAATGTCGCGAAAAGCGGCGGATTTAATTGCCGCGCAGATAATATTAAATCCGAAATCCTCGTTAGGTCTGGCGCATGGAAAAAGCCCGATTGGCTTTTATGAACGCCTGGTGGAGCTGAACCGCAATGGCGTGATTGATTTTAGCCATGTGACGACGATTAACCTGGATGAGTACTATGGTCTGGACCCGACCCATGACCAGTCTTACCGTTACTTTATGAACAAACATCTGTTTAGCCGGGTGAATATCAACATGGCGAATACGCATCTGCCGGATGGTAAAGCGAAGGATATTGATGCGGAGTGTATTCGTTATGATGATTTGATTGAGTCGGTGGGGGGGATCGATTTGCAATTGCTGGGGATTGGTCATAACGGGCATATCTTCTTTAACGAGCCGAGTGATGAGTTTATTCCCGGCACGCATTGCGTTTCGTTATCGCAATCGACCATCAATGCCAACTCGCTGATGTATTTCTCGCGTGATGAAGTGCAACGTAAAGCGATCACCATGGGCATCAAAGCGATTATGCAGGCGCGTTATGTGCAGCTGATTGCCAGCGGTGAAGATCAGATTGAAATTCTGAAAAAAGCGCTGTTTGGGCCGATTACGCCGCAAGTTCCGGCGTCGATTTTACAATTGCATAAAGATTTAACGGTAATAACGCCATTGGATATATGA
MRI_scg_60,0.937,24,0.884,28,0.866,22,0.8,79,0.872,38.25,ATGAGGATAATAAATGTGAAAGATTATGAGGAAATGTCGCGAAAAGCGGCGGATTTAATTGCCGCGCAGATAATATTAAATCCGAAATCCTCGTTAGGTCTGGCGCATGGAAAAAGCCCGATTGGCTTTTATGAACGCCTGGTGGAGCTGAACCGCAATGGCGTGATTGATTTTAGCCATGTGACGACGATTAACCTGGATGAGTACTATGGTCTGGACCCGACCCATGACCAGTCTTACCGTTACTTTATGAACAAACATCTGTTTAGCCGGGTGAATATCAACATGGCGAATACGCATCTGCCGGATGGTAAAGCGAAGGATATTGATGCGGAGTGTATTCGTTATGATGATTTGATTGAGTCGGTGGGGGGGATCGATTTGCAATTGCTGGGGATTGGTCATAACGGGCATATCTTCTTTAACGAGCCGAGTGATGAGTTTATTCCCGGCACGCATTGCGTTTCGTTATCGCAATCGACCATCAATGCCAACTCGCTGATGTATTTCTCGCGTGATGAAGTGCAACGTAAAGCGATCACCATGGGCATCAAAGCGATTATGCAGGCGCGTTATGTGCAGCTGATTGCCAGCGGTGAAGATCAGATTGAAATTCTGAAAAAAGCGCTGTTTGGGCCGATTACGCCGCAAGTTCCGGCGTCGATTTTACAATTGCATAAAGATTTAACGGTAATTACCCCGTTGGATATTTAA
MRI_scg_33,0.932,37,0.882,32,0.856,37,0.83,57,0.875,40.75,ATGAGGATAATAAATGTGAAAGATTATGAGGAAATGTCGCGAAAAGCGGCGGATTTAATTGCCGCGCAGATAATATTAAATCCGAAATCCTCGTTAGGTCTGGCGCATGGAAAAAGCCCGATTGGCTTTTATGAACGCCTGGTGGAGCTGAACCGCAATGGCGTGATTGATTTTAGCCATGTGACGACGATTAACCTGGATGAGTACTATGGTCTGGACCCGACCCATGACCAGTCTTACCGTTACTTTATGAACAAACATCTGTTTAGCCGGGTGAATATCAACATGGCGAATACGCATCTGCCGGATGGTAAAGCGAAGGATATTGATGCGGAGTGTATTCGTTATGATGATTTGATTGAGTCGGTGGGGGGGATCGATTTGCAATTGCTGGGGATTGGTCATAACGGGCATATCTTCTTTAACGAGCCGAGTGATGAGTTTATTCCCGGCACGCATTGCGTTTCGTTATCGCAATCGACCATCAATGCCAACTCGCTGATGTATTTCTCGCGTGATGAAGTGCAACGTAAAGCGATCACCATGGGCATCAAAGCGATTATGCAGGCGCGTTATGTGCAGCTGATTGCCAGCGGTGAAGATCAGATTGAAATTCTGAAAAAAGCGCTGTTTGGGCCGATTACGCCGCAAGTTCCGGCGTCGATTTTACAATTGCATAAAGATTTAACGGTAATAACGCCATTGGATATTTGA
MRI_scg_56,0.932,36,0.881,33,0.864,26,0.82,69,0.874,41.0,ATGAGGATAATAAATGTGAAAGATTATGAGGAAATGTCGCGAAAAGCGGCGGATTTAATTGCCGCGCAGATAATATTAAATCCGAAATCCTCGTTAGGTCTGGCGCATGGAAAAAGCCCGATTGGCTTTTATGAACGCCTGGTGGAGCTGAACCGCAATGGCGTGATTGATTTTAGCCATGTGACGACGATTAACCTGGATGAGTACTATGGTCTGGACCCGACCCATGACCAGTCTTACCGTTACTTTATGAACAAACATCTGTTTAGCCGGGTGAATATCAACATGGCGAATACGCATCTGCCGGATGGTAAAGCGAAGGATATTGATGCGGAGTGTATTCGTTATGATGATTTGATTGAGTCGGTGGGGGGGATCGATTTGCAATTGCTGGGGATTGGTCATAACGGGCATATCTTCTTTAACGAGCCGAGTGATGAGTTTATTCCCGGCACGCATTGCGTTTCGTTATCGCAATCGACCATCAATGCCAACTCGCTGATGTATTTCTCGCGTGATGAAGTGCAACGTAAAGCGATCACCATGGGCATCAAAGCGATTATGCAGGCGCGTTATGTGCAGCTGATTGCCAGCGGTGAAGATCAGATTGAAATTCTGAAAAAAGCGCTGTTTGGGCCGATTACGCCGCAAGTTCCGGCGTCGATTTTACAATTGCATAAAGATTTAACGGTAATTACTCCATTAGATATTTGA
MRI_scg_45,0.93,43,0.879,38,0.853,39,0.84,45,0.875,41.25,ATGAGGATAATAAATGTGAAAGATTATGAGGAAATGTCGCGAAAAGCGGCGGATTTAATTGCCGCGCAGATAATATTAAATCCGAAATCCTCGTTAGGTCTGGCGCATGGAAAAAGCCCGATTGGCTTTTATGAACGCCTGGTGGAGCTGAACCGCAATGGCGTGATTGATTTTAGCCATGTGACGACGATTAACCTGGATGAGTACTATGGTCTGGACCCGACCCATGACCAGTCTTACCGTTACTTTATGAACAAACATCTGTTTAGCCGGGTGAATATCAACATGGCGAATACGCATCTGCCGGATGGTAAAGCGAAGGATATTGATGCGGAGTGTATTCGTTATGATGATTTGATTGAGTCGGTGGGGGGGATCGATTTGCAATTGCTGGGGATTGGTCATAACGGGCATATCTTCTTTAACGAGCCGAGTGATGAGTTTATTCCCGGCACGCATTGCGTTTCGTTATCGCAATCGACCATCAATGCCAACTCGCTGATGTATTTCTCGCGTGATGAAGTGCAACGTAAAGCGATCACCATGGGCATCAAAGCGATTATGCAGGCGCGTTATGTGCAGCTGATTGCCAGCGGTGAAGATCAGATTGAAATTCTGAAAAAAGCGCTGTTTGGGCCGATTACGCCGCAAGTTCCGGCGTCGATTTTACAATTGCATAAAGATTTAACGGTAATTACGCCGTTGGATATTTAA
MRI_scg_21,0.931,42,0.879,39,0.847,46,0.84,40,0.874,41.75,ATGAGGATAATAAATGTGAAAGATTATGAGGAAATGTCGCGAAAAGCGGCGGATTTAATTGCCGCGCAGATAATATTAAATCCGAAATCCTCGTTAGGTCTGGCGCATGGAAAAAGCCCGATTGGCTTTTATGAACGCCTGGTGGAGCTGAACCGCAATGGCGTGATTGATTTTAGCCATGTGACGACGATTAACCTGGATGAGTACTATGGTCTGGACCCGACCCATGACCAGTCTTACCGTTACTTTATGAACAAACATCTGTTTAGCCGGGTGAATATCAACATGGCGAATACGCATCTGCCGGATGGTAAAGCGAAGGATATTGATGCGGAGTGTATTCGTTATGATGATTTGATTGAGTCGGTGGGGGGGATCGATTTGCAATTGCTGGGGATTGGTCATAACGGGCATATCTTCTTTAACGAGCCGAGTGATGAGTTTATTCCCGGCACGCATTGCGTTTCGTTATCGCAATCGACCATCAATGCCAACTCGCTGATGTATTTCTCGCGTGATGAAGTGCAACGTAAAGCGATCACCATGGGCATCAAAGCGATTATGCAGGCGCGTTATGTGCAGCTGATTGCCAGCGGTGAAGATCAGATTGAAATTCTGAAAAAAGCGCTGTTTGGGCCGATTACGCCGCAAGTTCCGGCGTCGATTTTACAATTGCATAAAGATTTAACGGTAATTACTCCATTGGATATTTAA
MRI_scg_17,0.924,56,0.871,55,0.836,53,0.86,16,0.873,45.0,ATGAGGATAATAAATGTGAAAGATTATGAGGAAATGTCGCGAAAAGCGGCGGATTTAATTGCCGCGCAGATAATATTAAATCCGAAATCCTCGTTAGGTCTGGCGCATGGAAAAAGCCCGATTGGCTTTTATGAACGCCTGGTGGAGCTGAACCGCAATGGCGTGATTGATTTTAGCCATGTGACGACGATTAACCTGGATGAGTACTATGGTCTGGACCCGACCCATGACCAGTCTTACCGTTACTTTATGAACAAACATCTGTTTAGCCGGGTGAATATCAACATGGCGAATACGCATCTGCCGGATGGTAAAGCGAAGGATATTGATGCGGAGTGTATTCGTTATGATGATTTGATTGAGTCGGTGGGGGGGATCGATTTGCAATTGCTGGGGATTGGTCATAACGGGCATATCTTCTTTAACGAGCCGAGTGATGAGTTTATTCCCGGCACGCATTGCGTTTCGTTATCGCAATCGACCATCAATGCCAACTCGCTGATGTATTTCTCGCGTGATGAAGTGCAACGTAAAGCGATCACCATGGGCATCAAAGCGATTATGCAGGCGCGTTATGTGCAGCTGATTGCCAGCGGTGAAGATCAGATTGAAATTCTGAAAAAAGCGCTGTTTGGGCCGATTACGCCGCAAGTTCCGGCGTCGATTTTACAATTGCATAAAGATTTAACGGTAATTACGCCATTAGATATTTGA
MRI_scg_59,0.928,47,0.876,49,0.852,41,0.84,46,0.874,45.75,ATGAGGATAATAAATGTGAAAGATTATGAGGAAATGTCGCGAAAAGCGGCGGATTTAATTGCCGCGCAGATAATATTAAATCCGAAATCCTCGTTAGGTCTGGCGCATGGAAAAAGCCCGATTGGCTTTTATGAACGCCTGGTGGAGCTGAACCGCAATGGCGTGATTGATTTTAGCCATGTGACGACGATTAACCTGGATGAGTACTATGGTCTGGACCCGACCCATGACCAGTCTTACCGTTACTTTATGAACAAACATCTGTTTAGCCGGGTGAATATCAACATGGCGAATACGCATCTGCCGGATGGTAAAGCGAAGGATATTGATGCGGAGTGTATTCGTTATGATGATTTGATTGAGTCGGTGGGGGGGATCGATTTGCAATTGCTGGGGATTGGTCATAACGGGCATATCTTCTTTAACGAGCCGAGTGATGAGTTTATTCCCGGCACGCATTGCGTTTCGTTATCGCAATCGACCATCAATGCCAACTCGCTGATGTATTTCTCGCGTGATGAAGTGCAACGTAAAGCGATCACCATGGGCATCAAAGCGATTATGCAGGCGCGTTATGTGCAGCTGATTGCCAGCGGTGAAGATCAGATTGAAATTCTGAAAAAAGCGCTGTTTGGGCCGATTACGCCGCAAGTTCCGGCGTCGATTTTACAATTGCATAAAGATTTAACGGTAATTACGCCTTTGGATATTTGA
MRI_scg_61,0.933,32,0.88,34,0.849,44,0.81,75,0.868,46.25,ATGAGGATAATAAATGTGAAAGATTATGAGGAAATGTCGCGAAAAGCGGCGGATTTAATTGCCGCGCAGATAATATTAAATCCGAAATCCTCGTTAGGTCTGGCGCATGGAAAAAGCCCGATTGGCTTTTATGAACGCCTGGTGGAGCTGAACCGCAATGGCGTGATTGATTTTAGCCATGTGACGACGATTAACCTGGATGAGTACTATGGTCTGGACCCGACCCATGACCAGTCTTACCGTTACTTTATGAACAAACATCTGTTTAGCCGGGTGAATATCAACATGGCGAATACGCATCTGCCGGATGGTAAAGCGAAGGATATTGATGCGGAGTGTATTCGTTATGATGATTTGATTGAGTCGGTGGGGGGGATCGATTTGCAATTGCTGGGGATTGGTCATAACGGGCATATCTTCTTTAACGAGCCGAGTGATGAGTTTATTCCCGGCACGCATTGCGTTTCGTTATCGCAATCGACCATCAATGCCAACTCGCTGATGTATTTCTCGCGTGATGAAGTGCAACGTAAAGCGATCACCATGGGCATCAAAGCGATTATGCAGGCGCGTTATGTGCAGCTGATTGCCAGCGGTGAAGATCAGATTGAAATTCTGAAAAAAGCGCTGTTTGGGCCGATTACGCCGCAAGTTCCGGCGTCGATTTTACAATTGCATAAAGATTTAACGGTAATTACGCCTTTGGATATATGA
MRI_scg_70,0.926,51,0.879,40,0.845,48,0.84,50,0.873,47.25,ATGAGGATAATAAATGTGAAAGATTATGAGGAAATGTCGCGAAAAGCGGCGGATTTAATTGCCGCGCAGATAATATTAAATCCGAAATCCTCGTTAGGTCTGGCGCATGGAAAAAGCCCGATTGGCTTTTATGAACGCCTGGTGGAGCTGAACCGCAATGGCGTGATTGATTTTAGCCATGTGACGACGATTAACCTGGATGAGTACTATGGTCTGGACCCGACCCATGACCAGTCTTACCGTTACTTTATGAACAAACATCTGTTTAGCCGGGTGAATATCAACATGGCGAATACGCATCTGCCGGATGGTAAAGCGAAGGATATTGATGCGGAGTGTATTCGTTATGATGATTTGATTGAGTCGGTGGGGGGGATCGATTTGCAATTGCTGGGGATTGGTCATAACGGGCATATCTTCTTTAACGAGCCGAGTGATGAGTTTATTCCCGGCACGCATTGCGTTTCGTTATCGCAATCGACCATCAATGCCAACTCGCTGATGTATTTCTCGCGTGATGAAGTGCAACGTAAAGCGATCACCATGGGCATCAAAGCGATTATGCAGGCGCGTTATGTGCAGCTGATTGCCAGCGGTGAAGATCAGATTGAAATTCTGAAAAAAGCGCTGTTTGGGCCGATTACGCCGCAAGTTCCGGCGTCGATTTTACAATTGCATAAAGATTTAACGGTAATTACGCCTTTGGATATTTAG
MRI_scg_28,0.941,11,0.885,26,0.805,72,0.79,82,0.855,47.75,ATGAGGATAATAAATGTGAAAGATTATGAGGAAATGTCGCGAAAAGCGGCGGATTTAATTGCCGCGCAGATAATATTAAATCCGAAATCCTCGTTAGGTCTGGCGCATGGAAAAAGCCCGATTGGCTTTTATGAACGCCTGGTGGAGCTGAACCGCAATGGCGTGATTGATTTTAGCCATGTGACGACGATTAACCTGGATGAGTACTATGGTCTGGACCCGACCCATGACCAGTCTTACCGTTACTTTATGAACAAACATCTGTTTAGCCGGGTGAATATCAACATGGCGAATACGCATCTGCCGGATGGTAAAGCGAAGGATATTGATGCGGAGTGTATTCGTTATGATGATTTGATTGAGTCGGTGGGGGGGATCGATTTGCAATTGCTGGGGATTGGTCATAACGGGCATATCTTCTTTAACGAGCCGAGTGATGAGTTTATTCCCGGTACGCATTGCGTTTCGTTATCGCAATCGACCATCAATGCCAATTCGCTGATGTATTTTAGCCGTGATGAAGTGCAACGTAAAGCGATCACCATGGGCATCAAAGCGATTATGCAGGCGCGTTATGTGCAGCTGATTGCCAGCGGTGAAGATCAGATTGAAATTCTGAAAAAAGCGCTGTTTGGGCCGATTACGCCGCAAGTTCCGGCGTCGATTTTACAATTGCATAAAGATTTAACGGTAATTACGCCGTTGGATATTTAA
MRI_scg_54,0.929,46,0.877,48,0.862,29,0.82,68,0.872,47.75,ATGAGGATAATAAATGTGAAAGATTATGAGGAAATGTCGCGAAAAGCGGCGGATTTAATTGCCGCGCAGATAATATTAAATCCGAAATCCTCGTTAGGTCTGGCGCATGGAAAAAGCCCGATTGGCTTTTATGAACGCCTGGTGGAGCTGAACCGCAATGGCGTGATTGATTTTAGCCATGTGACGACGATTAACCTGGATGAGTACTATGGTCTGGACCCGACCCATGACCAGTCTTACCGTTACTTTATGAACAAACATCTGTTTAGCCGGGTGAATATCAACATGGCGAATACGCATCTGCCGGATGGTAAAGCGAAGGATATTGATGCGGAGTGTATTCGTTATGATGATTTGATTGAGTCGGTGGGGGGGATCGATTTGCAATTGCTGGGGATTGGTCATAACGGGCATATCTTCTTTAACGAGCCGAGTGATGAGTTTATTCCCGGCACGCATTGCGTTTCGTTATCGCAATCGACCATCAATGCCAACTCGCTGATGTATTTCTCGCGTGATGAAGTGCAACGTAAAGCGATCACCATGGGCATCAAAGCGATTATGCAGGCGCGTTATGTGCAGCTGATTGCCAGCGGTGAAGATCAGATTGAAATTCTGAAAAAAGCGCTGTTTGGGCCGATTACGCCGCAAGTTCCGGCGTCGATTTTACAATTGCATAAAGATTTAACGGTAATTACGCCGTTGGATATATAA
MRI_scg_74,0.94,16,0.877,47,0.822,60,0.82,70,0.865,48.25,ATGAGGATAATAAATGTGAAAGATTATGAGGAAATGTCGCGAAAAGCGGCGGATTTAATTGCCGCGCAGATAATATTAAATCCGAAATCCTCGTTAGGTCTGGCGCATGGAAAAAGCCCGATTGGCTTTTATGAACGCCTGGTGGAGCTGAACCGCAATGGCGTGATTGATTTTAGCCATGTGACGACGATTAACCTGGATGAGTACTATGGTCTGGACCCGACCCATGACCAGTCTTACCGTTACTTTATGAACAAACATCTGTTTAGCCGGGTGAATATCAACATGGCGAATACGCATCTGCCGGATGGTAAAGCGAAGGATATTGATGCGGAGTGTATTCGTTATGATGATTTGATTGAGTCGGTGGGGGGGATCGATTTGCAATTGCTGGGGATTGGTCATAACGGGCATATCTTCTTTAACGAGCCGAGTGATGAGTTTATTCCCGGTACGCATTGCGTTTCGTTATCGCAATCGACCATCAATGCCAATTCGCTGATGTATTTTAGCCGTGATGAAGTGCAACGTAAAGCGATCACCATGGGCATCAAAGCGATTATGCAGGCGCGCTATGTGCAACTGATTGCCAGCGGGGAAGATCAGATTGAAATTCTGAAAAAAGCGCTGTTTGGGCCGATTACGCCGCAAGTTCCGGCGTCGATTTTACAATTGCATAAAGATTTAACGGTAATTACCCCGCTGGATATTTAA
MRI_scg_23,0.926,52,0.876,50,0.853,38,0.83,55,0.871,48.75,ATGAGGATAATAAATGTGAAAGATTATGAGGAAATGTCGCGAAAAGCGGCGGATTTAATTGCCGCGCAGATAATATTAAATCCGAAATCCTCGTTAGGTCTGGCGCATGGAAAAAGCCCGATTGGCTTTTATGAACGCCTGGTGGAGCTGAACCGCAATGGCGTGATTGATTTTAGCCATGTGACGACGATTAACCTGGATGAGTACTATGGTCTGGACCCGACCCATGACCAGTCTTACCGTTACTTTATGAACAAACATCTGTTTAGCCGGGTGAATATCAACATGGCGAATACGCATCTGCCGGATGGTAAAGCGAAGGATATTGATGCGGAGTGTATTCGTTATGATGATTTGATTGAGTCGGTGGGGGGGATCGATTTGCAATTGCTGGGGATTGGTCATAACGGGCATATCTTCTTTAACGAGCCGAGTGATGAGTTTATTCCCGGCACGCATTGCGTTTCGTTATCGCAATCGACCATCAATGCCAACTCGCTGATGTATTTCTCGCGTGATGAAGTGCAACGTAAAGCGATCACCATGGGCATCAAAGCGATTATGCAGGCGCGTTATGTGCAGCTGATTGCCAGCGGTGAAGATCAGATTGAAATTCTGAAAAAAGCGCTGTTTGGGCCGATTACGCCGCAAGTTCCGGCGTCGATTTTACAATTGCATAAAGATTTAACGGTAATTACTCCATTAGATATTTAG
MRI_scg_30,0.921,58,0.868,57,0.842,51,0.85,29,0.87,48.75,ATGAGGATAATAAATGTGAAAGATTATGAGGAAATGTCGCGAAAAGCGGCGGATTTAATTGCCGCGCAGATAATATTAAATCCGAAATCCTCGTTAGGTCTGGCGCATGGAAAAAGCCCGATTGGCTTTTATGAACGCCTGGTGGAGCTGAACCGCAATGGCGTGATTGATTTTAGCCATGTGACGACGATTAACCTGGATGAGTACTATGGTCTGGACCCGACCCATGACCAGTCTTACCGTTACTTTATGAACAAACATCTGTTTAGCCGGGTGAATATCAACATGGCGAATACGCATCTGCCGGATGGTAAAGCGAAGGATATTGATGCGGAGTGTATTCGTTATGATGATTTGATTGAGTCGGTGGGGGGGATCGATTTGCAATTGCTGGGGATTGGTCATAACGGGCATATCTTCTTTAACGAGCCGAGTGATGAGTTTATTCCCGGCACGCATTGCGTTTCGTTATCGCAATCGACCATCAATGCCAACTCGCTGATGTATTTCTCGCGTGATGAAGTGCAACGTAAAGCGATCACCATGGGCATCAAAGCGATTATGCAGGCGCGTTATGTGCAGCTGATTGCCAGCGGTGAAGATCAGATTGAAATTCTGAAAAAAGCGCTGTTTGGGCCGATTACGCCGCAAGTTCCGGCGTCGATTTTACAATTGCATAAAGATTTAACGGTAATTACTCCGTTGGATATATAA
MRI_scg_38,0.926,50,0.872,53,0.857,34,0.83,59,0.871,49.0,ATGAGGATAATAAATGTGAAAGATTATGAGGAAATGTCGCGAAAAGCGGCGGATTTAATTGCCGCGCAGATAATATTAAATCCGAAATCCTCGTTAGGTCTGGCGCATGGAAAAAGCCCGATTGGCTTTTATGAACGCCTGGTGGAGCTGAACCGCAATGGCGTGATTGATTTTAGCCATGTGACGACGATTAACCTGGATGAGTACTATGGTCTGGACCCGACCCATGACCAGTCTTACCGTTACTTTATGAACAAACATCTGTTTAGCCGGGTGAATATCAACATGGCGAATACGCATCTGCCGGATGGTAAAGCGAAGGATATTGATGCGGAGTGTATTCGTTATGATGATTTGATTGAGTCGGTGGGGGGGATCGATTTGCAATTGCTGGGGATTGGTCATAACGGGCATATCTTCTTTAACGAGCCGAGTGATGAGTTTATTCCCGGCACGCATTGCGTTTCGTTATCGCAATCGACCATCAATGCCAACTCGCTGATGTATTTCTCGCGTGATGAAGTGCAACGTAAAGCGATCACCATGGGCATCAAAGCGATTATGCAGGCGCGTTATGTGCAGCTGATTGCCAGCGGTGAAGATCAGATTGAAATTCTGAAAAAAGCGCTGTTTGGGCCGATTACGCCGCAAGTTCCGGCGTCGATTTTACAATTGCATAAAGATTTAACGGTAATTACCCCGTTGGATATATAA
MRI_scg_48,0.931,41,0.878,44,0.849,45,0.82,67,0.87,49.25,ATGAGGATAATAAATGTGAAAGATTATGAGGAAATGTCGCGAAAAGCGGCGGATTTAATTGCCGCGCAGATAATATTAAATCCGAAATCCTCGTTAGGTCTGGCGCATGGAAAAAGCCCGATTGGCTTTTATGAACGCCTGGTGGAGCTGAACCGCAATGGCGTGATTGATTTTAGCCATGTGACGACGATTAACCTGGATGAGTACTATGGTCTGGACCCGACCCATGACCAGTCTTACCGTTACTTTATGAACAAACATCTGTTTAGCCGGGTGAATATCAACATGGCGAATACGCATCTGCCGGATGGTAAAGCGAAGGATATTGATGCGGAGTGTATTCGTTATGATGATTTGATTGAGTCGGTGGGGGGGATCGATTTGCAATTGCTGGGGATTGGTCATAACGGGCATATCTTCTTTAACGAGCCGAGTGATGAGTTTATTCCCGGCACGCATTGCGTTTCGTTATCGCAATCGACCATCAATGCCAACTCGCTGATGTATTTCTCGCGTGATGAAGTGCAACGTAAAGCGATCACCATGGGCATCAAAGCGATTATGCAGGCGCGTTATGTGCAGCTGATTGCCAGCGGTGAAGATCAGATTGAAATTCTGAAAAAAGCGCTGTTTGGGCCGATTACGCCGCAAGTTCCGGCGTCGATTTTACAATTGCATAAAGATTTAACGGTAATTACTCCGTTGGATATTTAA
MRI_scg_53,0.919,62,0.867,58,0.835,54,0.86,24,0.87,49.5,ATGAGGATAATAAATGTGAAAGATTATGAGGAAATGTCGCGAAAAGCGGCGGATTTAATTGCCGCGCAGATAATATTAAATCCGAAATCCTCGTTAGGTCTGGCGCATGGAAAAAGCCCGATTGGCTTTTATGAACGCCTGGTGGAGCTGAACCGCAATGGCGTGATTGATTTTAGCCATGTGACGACGATTAACCTGGATGAGTACTATGGTCTGGACCCGACCCATGACCAGTCTTACCGTTACTTTATGAACAAACATCTGTTTAGCCGGGTGAATATCAACATGGCGAATACGCATCTGCCGGATGGTAAAGCGAAGGATATTGATGCGGAGTGTATTCGTTATGATGATTTGATTGAGTCGGTGGGGGGGATCGATTTGCAATTGCTGGGGATTGGTCATAACGGGCATATCTTCTTTAACGAGCCGAGTGATGAGTTTATTCCCGGCACGCATTGCGTTTCGTTATCGCAATCGACCATCAATGCCAACTCGCTGATGTATTTCTCGCGTGATGAAGTGCAACGTAAAGCGATCACCATGGGCATCAAAGCGATTATGCAGGCGCGTTATGTGCAGCTGATTGCCAGCGGTGAAGATCAGATTGAAATTCTGAAAAAAGCGCTGTTTGGGCCGATTACGCCGCAAGTTCCGGCGTCGATTTTACAATTGCATAAAGATTTAACGGTAATTACGCCTTTGGATATTTAA
MRI_scg_14,0.925,55,0.872,54,0.83,56,0.84,38,0.867,50.75,ATGAGGATAATAAATGTGAAAGATTATGAGGAAATGTCGCGAAAAGCGGCGGATTTAATTGCCGCGCAGATAATATTAAATCCGAAATCCTCGTTAGGTCTGGCGCATGGAAAAAGCCCGATTGGCTTTTATGAACGCCTGGTGGAGCTGAACCGCAATGGCGTGATTGATTTTAGCCATGTGACGACGATTAACCTGGATGAGTACTATGGTCTGGACCCGACCCATGACCAGTCTTACCGTTACTTTATGAACAAACATCTGTTTAGCCGGGTGAATATCAACATGGCGAATACGCATCTGCCGGATGGTAAAGCGAAGGATATTGATGCGGAGTGTATTCGTTATGATGATTTGATTGAGTCGGTGGGGGGGATCGATTTGCAATTGCTGGGGATTGGTCATAACGGGCATATCTTCTTTAACGAGCCGAGTGATGAGTTTATTCCCGGCACGCATTGCGTTTCGTTATCGCAATCGACCATCAATGCCAACTCGCTGATGTATTTCTCGCGTGATGAAGTGCAACGTAAAGCGATCACCATGGGCATCAAAGCGATTATGCAGGCGCGTTATGTGCAGCTGATTGCCAGCGGTGAAGATCAGATTGAAATTCTGAAAAAAGCGCTGTTTGGGCCGATTACGCCGCAAGTTCCGGCGTCGATTTTACAATTGCATAAAGATTTAACGGTAATAACGCCATTGGATATTTAA
MRI_scg_71,0.921,59,0.867,59,0.85,43,0.84,51,0.869,53.0,ATGAGGATAATAAATGTGAAAGATTATGAGGAAATGTCGCGAAAAGCGGCGGATTTAATTGCCGCGCAGATAATATTAAATCCGAAATCCTCGTTAGGTCTGGCGCATGGAAAAAGCCCGATTGGCTTTTATGAACGCCTGGTGGAGCTGAACCGCAATGGCGTGATTGATTTTAGCCATGTGACGACGATTAACCTGGATGAGTACTATGGTCTGGACCCGACCCATGACCAGTCTTACCGTTACTTTATGAACAAACATCTGTTTAGCCGGGTGAATATCAACATGGCGAATACGCATCTGCCGGATGGTAAAGCGAAGGATATTGATGCGGAGTGTATTCGTTATGATGATTTGATTGAGTCGGTGGGGGGGATCGATTTGCAATTGCTGGGGATTGGTCATAACGGGCATATCTTCTTTAACGAGCCGAGTGATGAGTTTATTCCCGGCACGCATTGCGTTTCGTTATCGCAATCGACCATCAATGCCAACTCGCTGATGTATTTCTCGCGTGATGAAGTGCAACGTAAAGCGATCACCATGGGCATCAAAGCGATTATGCAGGCGCGTTATGTGCAGCTGATTGCCAGCGGTGAAGATCAGATTGAAATTCTGAAAAAAGCGCTGTTTGGGCCGATTACGCCGCAAGTTCCGGCGTCGATTTTACAATTGCATAAAGATTTAACGGTAATTACTCCATTAGATATTTAA
MRI_scg_47,0.918,65,0.863,63,0.819,65,0.86,21,0.865,53.5,ATGAGGATAATAAATGTGAAAGATTATGAGGAAATGTCGCGAAAAGCGGCGGATTTAATTGCCGCGCAGATAATATTAAATCCGAAATCCTCGTTAGGTCTGGCGCATGGAAAAAGCCCGATTGGCTTTTATGAACGCCTGGTGGAGCTGAACCGCAATGGCGTGATTGATTTTAGCCATGTGACGACGATTAACCTGGATGAGTACTATGGTCTGGACCCGACCCATGACCAGTCTTACCGTTACTTTATGAACAAACATCTGTTTAGCCGGGTGAATATCAACATGGCGAATACGCATCTGCCGGATGGTAAAGCGAAGGATATTGATGCGGAGTGTATTCGTTATGATGATTTGATTGAGTCGGTGGGGGGGATCGATTTGCAATTGCTGGGGATTGGTCATAACGGGCATATCTTCTTTAACGAGCCGAGTGATGAGTTTATTCCCGGCACGCATTGCGTTTCGTTATCGCAATCGACCATCAATGCCAACTCGCTGATGTATTTCTCGCGTGATGAAGTGCAACGTAAAGCGATCACCATGGGCATCAAAGCGATTATGCAGGCGCGTTATGTGCAGCTGATTGCCAGCGGTGAAGATCAGATTGAAATTCTGAAAAAAGCGCTGTTTGGGCCGATTACGCCGCAAGTTCCGGCGTCGATTTTACAATTGCATAAAGATTTAACGGTAATAACGCCATTAGATATTTAA
MRI_scg_57,0.918,64,0.865,61,0.818,67,0.86,25,0.865,54.25,ATGAGGATAATAAATGTGAAAGATTATGAGGAAATGTCGCGAAAAGCGGCGGATTTAATTGCCGCGCAGATAATATTAAATCCGAAATCCTCGTTAGGTCTGGCGCATGGAAAAAGCCCGATTGGCTTTTATGAACGCCTGGTGGAGCTGAACCGCAATGGCGTGATTGATTTTAGCCATGTGACGACGATTAACCTGGATGAGTACTATGGTCTGGACCCGACCCATGACCAGTCTTACCGTTACTTTATGAACAAACATCTGTTTAGCCGGGTGAATATCAACATGGCGAATACGCATCTGCCGGATGGTAAAGCGAAGGATATTGATGCGGAGTGTATTCGTTATGATGATTTGATTGAGTCGGTGGGGGGGATCGATTTGCAATTGCTGGGGATTGGTCATAACGGGCATATCTTCTTTAACGAGCCGAGTGATGAGTTTATTCCCGGCACGCATTGCGTTTCGTTATCGCAATCGACCATCAATGCCAACTCGCTGATGTATTTCTCGCGTGATGAAGTGCAACGTAAAGCGATCACCATGGGCATCAAAGCGATTATGCAGGCGCGTTATGTGCAGCTGATTGCCAGCGGTGAAGATCAGATTGAAATTCTGAAAAAAGCGCTGTTTGGGCCGATTACGCCGCAAGTTCCGGCGTCGATTTTACAATTGCATAAAGATTTAACGGTAATTACGCCATTAGATATTTAA
MRI_scg_24,0.936,28,0.878,46,0.802,74,0.81,74,0.857,55.5,ATGAGGATAATAAATGTGAAAGATTATGAGGAAATGTCGCGAAAAGCGGCGGATTTAATTGCCGCGCAGATAATATTAAATCCGAAATCCTCGTTAGGTCTGGCGCATGGAAAAAGCCCGATTGGCTTTTATGAACGCCTGGTGGAGCTGAACCGCAATGGCGTGATTGATTTTAGCCATGTGACGACGATTAACCTGGATGAGTACTATGGTCTGGACCCGACCCATGACCAGTCTTACCGTTACTTTATGAACAAACATCTGTTTAGCCGGGTGAATATCAACATGGCGAATACGCATCTGCCGGATGGTAAAGCGAAGGATATTGATGCGGAGTGTATTCGTTATGATGATTTGATTGAGTCGGTGGGGGGGATCGATTTGCAATTGCTGGGGATTGGTCATAACGGGCATATCTTCTTTAACGAGCCGAGTGATGAGTTTATTCCCGGTACGCATTGCGTTTCGTTATCGCAATCGACCATCAATGCCAATTCGCTGATGTATTTTAGCCGTGATGAAGTGCAACGTAAAGCGATCACCATGGGCATCAAAGCGATTATGCAGGCGCGTTATGTGCAGCTGATTGCCAGCGGTGAAGATCAGATTGAAATTCTGAAAAAAGCGCTGTTTGGGCCGATTACGCCGCAAGTTCCGGCGTCGATTTTACAATTGCATAAAGATTTAACGGTAATTACCCCGCTGGATATTTAA
MRI_scg_44,0.925,54,0.872,52,0.83,57,0.83,60,0.864,55.75,ATGAGGATAATAAATGTGAAAGATTATGAGGAAATGTCGCGAAAAGCGGCGGATTTAATTGCCGCGCAGATAATATTAAATCCGAAATCCTCGTTAGGTCTGGCGCATGGAAAAAGCCCGATTGGCTTTTATGAACGCCTGGTGGAGCTGAACCGCAATGGCGTGATTGATTTTAGCCATGTGACGACGATTAACCTGGATGAGTACTATGGTCTGGACCCGACCCATGACCAGTCTTACCGTTACTTTATGAACAAACATCTGTTTAGCCGGGTGAATATCAACATGGCGAATACGCATCTGCCGGATGGTAAAGCGAAGGATATTGATGCGGAGTGTATTCGTTATGATGATTTGATTGAGTCGGTGGGGGGGATCGATTTGCAATTGCTGGGGATTGGTCATAACGGGCATATCTTCTTTAACGAGCCGAGTGATGAGTTTATTCCCGGCACGCATTGCGTTTCGTTATCGCAATCGACCATCAATGCCAACTCGCTGATGTATTTCTCGCGTGATGAAGTGCAACGTAAAGCGATCACCATGGGCATCAAAGCGATTATGCAGGCGCGTTATGTGCAGCTGATTGCCAGCGGTGAAGATCAGATTGAAATTCTGAAAAAAGCGCTGTTTGGGCCGATTACGCCGCAAGTTCCGGCGTCGATTTTACAATTGCATAAAGATTTAACGGTAATAACGCCATTAGATATTTGA
MRI_scg_68,0.916,69,0.866,60,0.844,49,0.84,49,0.866,56.75,ATGAGGATAATAAATGTGAAAGATTATGAGGAAATGTCGCGAAAAGCGGCGGATTTAATTGCCGCGCAGATAATATTAAATCCGAAATCCTCGTTAGGTCTGGCGCATGGAAAAAGCCCGATTGGCTTTTATGAACGCCTGGTGGAGCTGAACCGCAATGGCGTGATTGATTTTAGCCATGTGACGACGATTAACCTGGATGAGTACTATGGTCTGGACCCGACCCATGACCAGTCTTACCGTTACTTTATGAACAAACATCTGTTTAGCCGGGTGAATATCAACATGGCGAATACGCATCTGCCGGATGGTAAAGCGAAGGATATTGATGCGGAGTGTATTCGTTATGATGATTTGATTGAGTCGGTGGGGGGGATCGATTTGCAATTGCTGGGGATTGGTCATAACGGGCATATCTTCTTTAACGAGCCGAGTGATGAGTTTATTCCCGGCACGCATTGCGTTTCGTTATCGCAATCGACCATCAATGCCAACTCGCTGATGTATTTCTCGCGTGATGAAGTGCAACGTAAAGCGATCACCATGGGCATCAAAGCGATTATGCAGGCGCGTTATGTGCAGCTGATTGCCAGCGGTGAAGATCAGATTGAAATTCTGAAAAAAGCGCTGTTTGGGCCGATTACGCCGCAAGTTCCGGCGTCGATTTTACAATTGCATAAAGATTTAACGGTAATTACGCCATTGGATATATAA
MRI_scg_18,0.902,77,0.847,77,0.814,70,0.89,4,0.863,57.0,ATGAGGATAATAAATGTGAAAGATTATGAGGAAATGTCGCGAAAAGCGGCGGATTTAATTGCCGCGCAGATAATATTAAATCCGAAATCCTCGTTAGGTCTGGCGCATGGAAAAAGCCCGATTGGCTTTTATGAACGCCTGGTGGAGCTGAACCGCAATGGCGTGATTGATTTTAGCCATGTGACGACGATTAACCTGGATGAGTACTATGGTCTGGACCCGACCCATGACCAGTCTTACCGTTACTTTATGAACAAACATCTGTTTAGCCGGGTGAATATCAACATGGCGAATACGCATCTGCCGGATGGTAAAGCGAAGGATATTGATGCGGAGTGTATTCGTTATGATGATTTGATTGAGTCGGTGGGGGGGATCGATTTGCAATTGCTGGGGATTGGTCATAACGGGCATATCTTCTTTAACGAGCCGAGTGATGAGTTTATTCCCGGCACGCATTGCGTTTCGTTATCGCAATCGACCATCAATGCCAACTCGCTGATGTATTTCTCGCGTGATGAAGTGCAACGTAAAGCGATCACCATGGGCATCAAAGCGATTATGCAGGCGCGTTATGTGCAGCTGATTGCCAGCGGTGAAGATCAGATTGAAATTCTGAAAAAAGCGCTGTTTGGGCCGATTACGCCGCAAGTTCCGGCGTCGATTTTACAATTGCATAAAGATTTAACGGTAATTACTCCATTAGATATATAA
MRI_scg_63,0.92,61,0.861,65,0.778,79,0.86,26,0.855,57.75,ATGAGGATAATAAATGTGAAAGATTATGAGGAAATGTCGCGAAAAGCGGCGGATTTAATTGCCGCGCAGATAATATTAAATCCGAAATCCTCGTTAGGTCTGGCGCATGGAAAAAGCCCGATTGGCTTTTATGAACGCCTGGTGGAGCTGAACCGCAATGGCGTGATTGATTTTAGCCATGTGACGACGATTAACCTGGATGAGTACTATGGTCTGGACCCGACCCATGACCAGTCTTACCGTTACTTTATGAACAAACATCTGTTTAGCCGGGTGAATATCAACATGGCGAATACGCATCTGCCGGATGGTAAAGCGAAGGATATTGATGCGGAGTGTATTCGTTATGATGATTTGATTGAGTCGGTGGGGGGGATCGATTTGCAATTGCTGGGGATTGGTCATAACGGGCATATCTTCTTTAACGAGCCGAGTGATGAGTTTATTCCCGGTACGCATTGCGTTTCGTTATCGCAATCGACCATCAATGCCAACTCGCTGATGTATTTTAGCCGTGATGAAGTGCAACGTAAAGCGATCACCATGGGCATCAAAGCGATTATGCAGGCGCGTTATGTGCAGCTGATTGCCAGCGGTGAAGATCAGATTGAAATTCTGAAAAAAGCGCTGTTTGGGCCGATTACGCCGCAAGTTCCGGCGTCGATTTTACAATTGCATAAAGATTTAACGGTAATTACGCCGTTGGATATTTAA
MRI_scg_9,0.916,68,0.86,72,0.776,80,0.86,15,0.853,58.75,ATGAGGATAATAAATGTGAAAGATTATGAGGAAATGTCGCGAAAAGCGGCGGATTTAATTGCCGCGCAGATAATATTAAATCCGAAATCCTCGTTAGGTCTGGCGCATGGAAAAAGCCCGATTGGCTTTTATGAACGCCTGGTGGAGCTGAACCGCAATGGCGTGATTGATTTTAGCCATGTGACGACGATTAACCTGGATGAGTACTATGGTCTGGACCCGACCCATGACCAGTCTTACCGTTACTTTATGAACAAACATCTGTTTAGCCGGGTGAATATCAACATGGCGAATACGCATCTGCCGGATGGTAAAGCGAAGGATATTGATGCGGAGTGTATTCGTTATGATGATTTGATTGAGTCGGTGGGGGGGATCGATTTGCAATTGCTGGGGATTGGTCATAACGGGCATATCTTCTTTAACGAGCCGAGTGATGAGTTTATTCCCGGTACGCATTGCGTTTCGTTATCGCAATCGACCATCAATGCCAACTCGCTGATGTATTTTAGCCGTGATGAAGTGCAACGTAAAGCGATCACCATGGGCATCAAAGCGATTATGCAGGCGCGTTATGTGCAGCTGATTGCCAGCGGTGAAGATCAGATTGAAATTCTGAAAAAAGCGCTGTTTGGGCCGATTACGCCGCAAGTTCCGGCGTCGATTTTACAATTGCATAAAGATTTAACGGTAATTACGCCGTTGGATATTTGA
MRI_scg_50,0.911,73,0.856,73,0.817,68,0.86,22,0.861,59.0,ATGAGGATAATAAATGTGAAAGATTATGAGGAAATGTCGCGAAAAGCGGCGGATTTAATTGCCGCGCAGATAATATTAAATCCGAAATCCTCGTTAGGTCTGGCGCATGGAAAAAGCCCGATTGGCTTTTATGAACGCCTGGTGGAGCTGAACCGCAATGGCGTGATTGATTTTAGCCATGTGACGACGATTAACCTGGATGAGTACTATGGTCTGGACCCGACCCATGACCAGTCTTACCGTTACTTTATGAACAAACATCTGTTTAGCCGGGTGAATATCAACATGGCGAATACGCATCTGCCGGATGGTAAAGCGAAGGATATTGATGCGGAGTGTATTCGTTATGATGATTTGATTGAGTCGGTGGGGGGGATCGATTTGCAATTGCTGGGGATTGGTCATAACGGGCATATCTTCTTTAACGAGCCGAGTGATGAGTTTATTCCCGGCACGCATTGCGTTTCGTTATCGCAATCGACCATCAATGCCAACTCGCTGATGTATTTCTCGCGTGATGAAGTGCAACGTAAAGCGATCACCATGGGCATCAAAGCGATTATGCAGGCGCGTTATGTGCAGCTGATTGCCAGCGGTGAAGATCAGATTGAAATTCTGAAAAAAGCGCTGTTTGGGCCGATTACGCCGCAAGTTCCGGCGTCGATTTTACAATTGCATAAAGATTTAACGGTAATAACGCCATTGGATATATAA
MRI_scg_37,0.913,72,0.86,70,0.836,52,0.84,44,0.862,59.5,ATGAGGATAATAAATGTGAAAGATTATGAGGAAATGTCGCGAAAAGCGGCGGATTTAATTGCCGCGCAGATAATATTAAATCCGAAATCCTCGTTAGGTCTGGCGCATGGAAAAAGCCCGATTGGCTTTTATGAACGCCTGGTGGAGCTGAACCGCAATGGCGTGATTGATTTTAGCCATGTGACGACGATTAACCTGGATGAGTACTATGGTCTGGACCCGACCCATGACCAGTCTTACCGTTACTTTATGAACAAACATCTGTTTAGCCGGGTGAATATCAACATGGCGAATACGCATCTGCCGGATGGTAAAGCGAAGGATATTGATGCGGAGTGTATTCGTTATGATGATTTGATTGAGTCGGTGGGGGGGATCGATTTGCAATTGCTGGGGATTGGTCATAACGGGCATATCTTCTTTAACGAGCCGAGTGATGAGTTTATTCCCGGCACGCATTGCGTTTCGTTATCGCAATCGACCATCAATGCCAACTCGCTGATGTATTTCTCGCGTGATGAAGTGCAACGTAAAGCGATCACCATGGGCATCAAAGCGATTATGCAGGCGCGTTATGTGCAGCTGATTGCCAGCGGTGAAGATCAGATTGAAATTCTGAAAAAAGCGCTGTTTGGGCCGATTACGCCGCAAGTTCCGGCGTCGATTTTACAATTGCATAAAGATTTAACGGTAATTACCCCATTGGATATATAA
MRI_scg_34,0.913,71,0.86,69,0.828,58,0.84,43,0.86,60.25,ATGAGGATAATAAATGTGAAAGATTATGAGGAAATGTCGCGAAAAGCGGCGGATTTAATTGCCGCGCAGATAATATTAAATCCGAAATCCTCGTTAGGTCTGGCGCATGGAAAAAGCCCGATTGGCTTTTATGAACGCCTGGTGGAGCTGAACCGCAATGGCGTGATTGATTTTAGCCATGTGACGACGATTAACCTGGATGAGTACTATGGTCTGGACCCGACCCATGACCAGTCTTACCGTTACTTTATGAACAAACATCTGTTTAGCCGGGTGAATATCAACATGGCGAATACGCATCTGCCGGATGGTAAAGCGAAGGATATTGATGCGGAGTGTATTCGTTATGATGATTTGATTGAGTCGGTGGGGGGGATCGATTTGCAATTGCTGGGGATTGGTCATAACGGGCATATCTTCTTTAACGAGCCGAGTGATGAGTTTATTCCCGGCACGCATTGCGTTTCGTTATCGCAATCGACCATCAATGCCAACTCGCTGATGTATTTCTCGCGTGATGAAGTGCAACGTAAAGCGATCACCATGGGCATCAAAGCGATTATGCAGGCGCGTTATGTGCAGCTGATTGCCAGCGGTGAAGATCAGATTGAAATTCTGAAAAAAGCGCTGTTTGGGCCGATTACGCCGCAAGTTCCGGCGTCGATTTTACAATTGCATAAAGATTTAACGGTAATTACGCCTTTGGATATATAA
MRI_scg_4,0.902,76,0.86,68,0.822,61,0.84,36,0.856,60.25,ATGAGGATAATAAATGTGAAAGATTATGAGGAAATGTCGCGAAAAGCGGCGGATTTAATTGCCGCGCAGATAATATTAAATCCGAAATCCTCGTTAGGTCTGGCGCATGGAAAAAGCCCGATTGGCTTTTATGAACGCCTGGTGGAGCTGAACCGCAATGGCGTGATTGATTTTAGCCATGTGACGACGATTAACCTGGATGAGTACTATGGTCTGGACCCGACCCATGACCAGTCTTACCGTTACTTTATGAACAAACATCTGTTTAGCCGGGTGAATATCAACATGGCGAATACGCATCTGCCGGATGGTAAAGCGAAGGATATTGATGCGGAGTGTATTCGTTATGATGATTTGATTGAGTCGGTGGGGGGGATCGATTTGCAATTGCTGGGGATTGGTCATAACGGGCATATCTTCTTTAACGAGCCGAGTGATGAGTTTATTCCCGGCACGCATTGCGTTTCGTTATCGCAATCGACCATCAATGCCAACTCGCTGATGTATTTCTCGCGTGATGAAGTGCAACGTAAAGCGATCACCATGGGCATCAAAGCGATTATGCAGGCGCGTTATGTGCAGCTGATTGCCAGCGGTGAAGATCAGATTGAAATTCTGAAAAAAGCGCTGTTTGGGCCGATTACGCCGCAAGTTCCGGCGTCGATTTTACAATTGCATAAAGATTTAACGGTAATTACGCCGCTGGATATTTAA
MRI_scg_2,0.918,66,0.862,64,0.788,78,0.84,35,0.852,60.75,ATGAGGATAATAAATGTGAAAGATTATGAGGAAATGTCGCGAAAAGCGGCGGATTTAATTGCCGCGCAGATAATATTAAATCCGAAATCCTCGTTAGGTCTGGCGCATGGAAAAAGCCCGATTGGCTTTTATGAACGCCTGGTGGAGCTGAACCGCAATGGCGTGATTGATTTTAGCCATGTGACGACGATTAACCTGGATGAGTACTATGGTCTGGACCCGACCCATGACCAGTCTTACCGTTACTTTATGAACAAACATCTGTTTAGCCGGGTGAATATCAACATGGCGAATACGCATCTGCCGGATGGTAAAGCGAAGGATATTGATGCGGAGTGTATTCGTTATGATGATTTGATTGAGTCGGTGGGGGGGATCGATTTGCAATTGCTGGGGATTGGTCATAACGGGCATATCTTCTTTAACGAGCCGAGTGATGAGTTTATTCCCGGTACGCATTGCGTTTCGTTATCGCAATCGACCATCAATGCCAACTCGCTGATGTATTTTAGCCGTGATGAAGTGCAACGTAAAGCGATCACCATGGGCATCAAAGCGATTATGCAGGCGCGTTATGTGCAGCTGATTGCCAGCGGTGAAGATCAGATTGAAATTCTGAAAAAAGCGCTGTTTGGGCCGATTACGCCGCAAGTTCCGGCGTCGATTTTACAATTGCATAAAGATTTAACGGTAATTACGCCGTTGGATATATGA
MRI_scg_67,0.917,67,0.861,66,0.819,64,0.84,48,0.859,61.25,ATGAGGATAATAAATGTGAAAGATTATGAGGAAATGTCGCGAAAAGCGGCGGATTTAATTGCCGCGCAGATAATATTAAATCCGAAATCCTCGTTAGGTCTGGCGCATGGAAAAAGCCCGATTGGCTTTTATGAACGCCTGGTGGAGCTGAACCGCAATGGCGTGATTGATTTTAGCCATGTGACGACGATTAACCTGGATGAGTACTATGGTCTGGACCCGACCCATGACCAGTCTTACCGTTACTTTATGAACAAACATCTGTTTAGCCGGGTGAATATCAACATGGCGAATACGCATCTGCCGGATGGTAAAGCGAAGGATATTGATGCGGAGTGTATTCGTTATGATGATTTGATTGAGTCGGTGGGGGGGATCGATTTGCAATTGCTGGGGATTGGTCATAACGGGCATATCTTCTTTAACGAGCCGAGTGATGAGTTTATTCCCGGCACGCATTGCGTTTCGTTATCGCAATCGACCATCAATGCCAACTCGCTGATGTATTTCTCGCGTGATGAAGTGCAACGTAAAGCGATCACCATGGGCATCAAAGCGATTATGCAGGCGCGTTATGTGCAGCTGATTGCCAGCGGTGAAGATCAGATTGAAATTCTGAAAAAAGCGCTGTTTGGGCCGATTACGCCGCAAGTTCCGGCGTCGATTTTACAATTGCATAAAGATTTAACGGTAATTACCCCATTAGATATTTGA
MRI_scg_43,0.901,78,0.845,79,0.792,77,0.87,11,0.852,61.25,ATGAGGATAATAAATGTGAAAGATTATGAGGAAATGTCGCGAAAAGCGGCGGATTTAATTGCCGCGCAGATAATATTAAATCCGAAATCCTCGTTAGGTCTGGCGCATGGAAAAAGCCCGATTGGCTTTTATGAACGCCTGGTGGAGCTGAACCGCAATGGCGTGATTGATTTTAGCCATGTGACGACGATTAACCTGGATGAGTACTATGGTCTGGACCCGACCCATGACCAGTCTTACCGTTACTTTATGAACAAACATCTGTTTAGCCGGGTGAATATCAACATGGCGAATACGCATCTGCCGGATGGTAAAGCGAAGGATATTGATGCGGAGTGTATTCGTTATGATGATTTGATTGAGTCGGTGGGGGGGATCGATTTGCAATTGCTGGGGATTGGTCATAACGGGCATATCTTCTTTAACGAGCCGAGTGATGAGTTTATTCCCGGCACGCATTGCGTTTCGTTATCGCAATCGACCATCAATGCCAACTCGCTGATGTATTTCTCGCGTGATGAAGTGCAACGTAAAGCGATCACCATGGGCATCAAAGCGATTATGCAGGCGCGTTATGTGCAGCTGATTGCCAGCGGTGAAGATCAGATTGAAATTCTGAAAAAAGCGCTGTTTGGGCCGATTACGCCGCAAGTTCCGGCGTCGATTTTACAATTGCATAAAGATTTAACGGTAATTACCCCATTAGATATTTAA
MRI_scg_11,0.891,81,0.83,81,0.847,47,0.84,37,0.852,61.5,ATGAGGATAATAAATGTGAAAGATTATGAGGAAATGTCGCGAAAAGCGGCGGATTTAATTGCCGCGCAGATAATATTAAATCCGAAATCCTCGTTAGGTCTGGCGCATGGAAAAAGCCCGATTGGCTTTTATGAACGCCTGGTGGAGCTGAACCGCAATGGCGTGATTGATTTTAGCCATGTGACGACGATTAACCTGGATGAGTACTATGGTCTGGACCCGACCCATGACCAGTCTTACCGTTACTTTATGAACAAACATCTGTTTAGCCGGGTGAATATCAACATGGCGAATACGCATCTGCCGGATGGTAAAGCGAAGGATATTGATGCGGAGTGTATTCGTTATGATGATTTGATTGAGTCGGTGGGGGGGATCGATTTGCAATTGCTGGGGATTGGTCATAACGGGCATATCTTCTTTAACGAGCCGAGTGATGAGTTTATTCCCGGTACGCATTGCGTTTCGTTATCGCAATCCACCATCAATGCCAACTCGCTGATGTACTTCTCGCGTGATGAAGTGCAACGTAAAGCGATCACCATGGGCATCAAAGCCATTATGCAGGCGCGTTATGTGCAGCTGATTGCCAGCGGTGAAGATCAGATTGAAATTCTGAAAAAAGCGCTGTTTGGGCCGATTACGCCGCAAGTTCCGGCGTCGATTTTACAATTGCATAAAGATTTAACGGTAATTACCCCGCTGGATATTTAA
MRI_scg_10,0.923,57,0.861,67,0.821,62,0.82,65,0.856,62.75,ATGAGGATAATAAATGTGAAAGATTATGAGGAAATGTCGCGAAAAGCGGCGGATTTAATTGCCGCGCAGATAATATTAAATCCGAAATCCTCGTTAGGTCTGGCGCATGGAAAAAGCCCGATTGGCTTTTATGAACGCCTGGTGGAGCTGAACCGCAATGGCGTGATTGATTTTAGCCATGTGACGACGATTAACCTGGATGAGTACTATGGTCTGGACCCGACCCATGACCAGTCTTACCGTTACTTTATGAACAAACATCTGTTTAGCCGGGTGAATATCAACATGGCGAATACGCATCTGCCGGATGGTAAAGCGAAGGATATTGATGCGGAGTGTATTCGTTATGATGATTTGATTGAGTCGGTGGGGGGGATCGATTTGCAATTGCTGGGGATTGGTCATAACGGGCATATCTTCTTTAACGAGCCGAGTGATGAGTTTATTCCCGGTACGCATTGCGTTTCGTTATCGCAATCGACCATCAATGCCAACTCGCTGATGTATTTCAGCCGTGATGAAGTGCAACGTAAAGCGATCACCATGGGCATCAAAGCGATTATGCAGGCGCGTTATGTGCAGCTGATTGCCAGCGGTGAAGATCAGATTGAAATTCTGAAAAAAGCGCTGTTTGGGCCGATTACGCCGCAAGTTCCGGCGTCGATTTTACAATTGCATAAAGATTTAACGGTAATTACGCCGTTGGATATATAA
MRI_scg_29,0.91,74,0.853,76,0.802,73,0.85,28,0.854,62.75,ATGAGGATAATAAATGTGAAAGATTATGAGGAAATGTCGCGAAAAGCGGCGGATTTAATTGCCGCGCAGATAATATTAAATCCGAAATCCTCGTTAGGTCTGGCGCATGGAAAAAGCCCGATTGGCTTTTATGAACGCCTGGTGGAGCTGAACCGCAATGGCGTGATTGATTTTAGCCATGTGACGACGATTAACCTGGATGAGTACTATGGTCTGGACCCGACCCATGACCAGTCTTACCGTTACTTTATGAACAAACATCTGTTTAGCCGGGTGAATATCAACATGGCGAATACGCATCTGCCGGATGGTAAAGCGAAGGATATTGATGCGGAGTGTATTCGTTATGATGATTTGATTGAGTCGGTGGGGGGGATCGATTTGCAATTGCTGGGGATTGGTCATAACGGGCATATCTTCTTTAACGAGCCGAGTGATGAGTTTATTCCCGGCACGCATTGCGTTTCGTTATCGCAATCGACCATCAATGCCAACTCGCTGATGTATTTCTCGCGTGATGAAGTGCAACGTAAAGCGATCACCATGGGCATCAAAGCGATTATGCAGGCGCGTTATGTGCAGCTGATTGCCAGCGGTGAAGATCAGATTGAAATTCTGAAAAAAGCGCTGTTTGGGCCGATTACGCCGCAAGTTCCGGCGTCGATTTTACAATTGCATAAAGATTTAACGGTAATAACGCCATTAGATATATAA
MRI_scg_12,0.927,49,0.865,62,0.815,69,0.81,73,0.854,63.25,ATGAGGATAATAAATGTGAAAGATTATGAGGAAATGTCGCGAAAAGCGGCGGATTTAATTGCCGCGCAGATAATATTAAATCCGAAATCCTCGTTAGGTCTGGCGCATGGAAAAAGCCCGATTGGCTTTTATGAACGCCTGGTGGAGCTGAACCGCAATGGCGTGATTGATTTTAGCCATGTGACGACGATTAACCTGGATGAGTACTATGGTCTGGACCCGACCCATGACCAGTCTTACCGTTACTTTATGAACAAACATCTGTTTAGCCGGGTGAATATCAACATGGCGAATACGCATCTGCCGGATGGTAAAGCGAAGGATATTGATGCGGAGTGTATTCGTTATGATGATTTGATTGAGTCGGTGGGGGGGATCGATTTGCAATTGCTGGGGATTGGTCATAACGGGCATATCTTCTTTAACGAGCCGAGTGATGAGTTTATTCCCGGTACGCATTGCGTTTCGTTATCGCAATCGACCATCAATGCCAACTCGCTGATGTATTTCAGCCGTGATGAAGTGCAACGTAAAGCGATCACCATGGGCATCAAAGCGATTATGCAGGCGCGTTATGTGCAGCTGATTGCCAGCGGTGAAGATCAGATTGAAATTCTGAAAAAAGCGCTGTTTGGGCCGATTACGCCGCAAGTTCCGGCGTCGATTTTACAATTGCATAAAGATTTAACGGTAATTACGCCGTTGGATATTTAA
MRI_scg_0,0.899,79,0.846,78,0.795,75,0.84,34,0.845,66.5,ATGAGGATAATAAATGTGAAAGATTATGAGGAAATGTCGCGAAAAGCGGCGGATTTAATTGCCGCGCAGATAATATTAAATCCGAAATCCTCGTTAGGTCTGGCGCATGGAAAAAGCCCGATTGGCTTTTATGAACGCCTGGTGGAGCTGAACCGCAATGGCGTGATTGATTTTAGCCATGTGACGACGATTAACCTGGATGAGTACTATGGTCTGGACCCGACCCATGACCAGTCTTACCGTTACTTTATGAACAAACATCTGTTTAGCCGGGTGAATATCAACATGGCGAATACGCATCTGCCGGATGGTAAAGCGAAGGATATTGATGCGGAGTGTATTCGTTATGATGATTTGATTGAGTCGGTGGGGGGGATCGATTTGCAATTGCTGGGGATTGGTCATAACGGGCATATCTTCTTTAACGAGCCGAGTGATGAGTTTATTCCCGGCACGCATTGCGTTTCGTTATCGCAATCGACCATCAATGCCAACTCGCTGATGTATTTCTCGCGTGATGAAGTGCAACGTAAAGCGATCACCATGGGCATCAAAGCGATTATGCAGGCGCGTTATGTGCAGCTGATTGCCAGCGGTGAAGATCAGATTGAAATTCTGAAAAAAGCGCTGTTTGGGCCGATTACGCCGCAAGTTCCGGCGTCGATTTTACAATTGCATAAAGATTTAACGGTAATTACGCCATTAGATATATAA
MRI_scg_78,0.919,63,0.86,71,0.794,76,0.83,63,0.851,68.25,ATGAGGATAATAAATGTGAAAGATTATGAGGAAATGTCGCGAAAAGCGGCGGATTTAATTGCCGCGCAGATAATATTAAATCCGAAATCCTCGTTAGGTCTGGCGCATGGAAAAAGCCCGATTGGCTTTTATGAACGCCTGGTGGAGCTGAACCGCAATGGCGTGATTGATTTTAGCCATGTGACGACGATTAACCTGGATGAGTACTATGGTCTGGACCCGACCCATGACCAGTCTTACCGTTACTTTATGAACAAACATCTGTTTAGCCGGGTGAATATCAACATGGCGAATACGCATCTGCCGGATGGTAAAGCGAAGGATATTGATGCGGAGTGTATTCGTTATGATGATTTGATTGAGTCGGTGGGGGGGATCGATTTGCAATTGCTGGGGATTGGTCATAACGGGCATATCTTCTTTAACGAGCCGAGTGATGAGTTTATTCCCGGTACGCATTGCGTTTCGTTATCGCAATCGACCATCAATGCCAACTCGCTGATGTATTTTAGCCGTGATGAAGTGCAACGTAAAGCGATCACCATGGGCATCAAAGCGATTATGCAGGCGCGTTATGTGCAGCTGATTGCCAGCGGTGAAGATCAGATTGAAATTCTGAAAAAAGCGCTGTTTGGGCCGATTACGCCGCAAGTTCCGGCGTCGATTTTACAATTGCATAAAGATTTAACGGTAATTACGCCGTTGGATATATAA
MRI_scg_32,0.908,75,0.856,74,0.813,71,0.83,56,0.852,69.0,ATGAGGATAATAAATGTGAAAGATTATGAGGAAATGTCGCGAAAAGCGGCGGATTTAATTGCCGCGCAGATAATATTAAATCCGAAATCCTCGTTAGGTCTGGCGCATGGAAAAAGCCCGATTGGCTTTTATGAACGCCTGGTGGAGCTGAACCGCAATGGCGTGATTGATTTTAGCCATGTGACGACGATTAACCTGGATGAGTACTATGGTCTGGACCCGACCCATGACCAGTCTTACCGTTACTTTATGAACAAACATCTGTTTAGCCGGGTGAATATCAACATGGCGAATACGCATCTGCCGGATGGTAAAGCGAAGGATATTGATGCGGAGTGTATTCGTTATGATGATTTGATTGAGTCGGTGGGGGGGATCGATTTGCAATTGCTGGGGATTGGTCATAACGGGCATATCTTCTTTAACGAGCCGAGTGATGAGTTTATTCCCGGCACGCATTGCGTTTCGTTATCGCAATCGACCATCAATGCCAACTCGCTGATGTATTTCTCGCGTGATGAAGTGCAACGTAAAGCGATCACCATGGGCATCAAAGCGATTATGCAGGCGCGTTATGTGCAGCTGATTGCCAGCGGTGAAGATCAGATTGAAATTCTGAAAAAAGCGCTGTTTGGGCCGATTACGCCGCAAGTTCCGGCGTCGATTTTACAATTGCATAAAGATTTAACGGTAATTACTCCATTGGATATATAA
MRI_scg_6,0.914,70,0.854,75,0.82,63,0.81,72,0.85,70.0,ATGAGGATAATAAATGTGAAAGATTATGAGGAAATGTCGCGAAAAGCGGCGGATTTAATTGCCGCGCAGATAATATTAAATCCGAAATCCTCGTTAGGTCTGGCGCATGGAAAAAGCCCGATTGGCTTTTATGAACGCCTGGTGGAGCTGAACCGCAATGGCGTGATTGATTTTAGCCATGTGACGACGATTAACCTGGATGAGTACTATGGTCTGGACCCGACCCATGACCAGTCTTACCGTTACTTTATGAACAAACATCTGTTTAGCCGGGTGAATATCAACATGGCGAATACGCATCTGCCGGATGGTAAAGCGAAGGATATTGATGCGGAGTGTATTCGTTATGATGATTTGATTGAGTCGGTGGGGGGGATCGATTTGCAATTGCTGGGGATTGGTCATAACGGGCATATCTTCTTTAACGAGCCGAGTGATGAGTTTATTCCCGGTACGCATTGCGTTTCGTTATCGCAATCGACCATCAATGCCAACTCGCTGATGTATTTCAGCCGTGATGAAGTGCAACGTAAAGCGATCACCATGGGCATCAAAGCGATTATGCAGGCGCGTTATGTGCAGCTGATTGCCAGCGGTGAAGATCAGATTGAAATTCTGAAAAAAGCGCTGTTTGGGCCGATTACGCCGCAAGTTCCGGCGTCGATTTTACAATTGCATAAAGATTTAACGGTAATTACCCCGCTGGATATTTAA
MRI_scg_25,0.882,82,0.827,82,0.735,82,0.84,41,0.821,71.75,ATGAGGATAATAAATGTGAAAGATTATGAGGAAATGTCGCGAAAAGCGGCGGATTTAATTGCCGCGCAGATAATATTAAATCCGAAATCCTCGTTAGGTCTGGCGCATGGAAAAAGCCCGATTGGCTTTTATGAACGCCTGGTGGAGCTGAACCGCAATGGCGTGATTGATTTTAGCCATGTGACGACGATTAACCTGGATGAGTACTATGGTCTGGACCCGACCCATGACCAGTCTTACCGTTACTTTATGAACAAACATCTGTTTAGCCGGGTGAATATCAACATGGCGAATACGCATCTGCCGGATGGTAAAGCGAAGGATATTGATGCGGAGTGTATTCGTTATGATGATTTGATTGAGTCGGTGGGGGGGATCGATTTGCAATTGCTGGGGATTGGTCATAACGGGCATATCTTCTTTAACGAGCCGAGTGATGAGTTTATTCCCGGCACGCATTGCGTTTCGTTATCGCAATCGACCATCAATGCCAACTCGCTGATGTATTTCTCGCGTGATGAAGTGCAACGTAAAGCGATCACCATGGGCATCAAAGCGATTATGCAGGCGCGTTATGTGCAGCTGATTGCCAGCGGTGAAGATCAGATTGAAATTCTGAAAAAAGCGCTGTTTGGGCCGATTACGCCGCAAGTTCCGGCGTCGATTTTACAATTGCATAAAGATTTAACGGTAATTACCCCATTAGATATATAA
MRI_scg_55,0.898,80,0.841,80,0.774,81,0.8,77,0.828,79.5,ATGAGGATAATAAATGTGAAAGATTATGAGGAAATGTCGCGAAAAGCGGCGGATTTAATTGCCGCGCAGATAATATTAAATCCGAAATCCTCGTTAGGTCTGGCGCATGGAAAAAGCCCGATTGGCTTTTATGAACGCCTGGTGGAGCTGAACCGCAATGGCGTGATTGATTTTAGCCATGTGACGACGATTAACCTGGATGAGTACTATGGTCTGGACCCGACCCATGACCAGTCTTACCGTTACTTTATGAACAAACATCTGTTTAGCCGGGTGAATATCAACATGGCGAATACGCATCTGCCGGATGGTAAAGCGAAGGATATTGATGCGGAGTGTATTCGTTATGATGATTTGATTGAGTCGGTGGGGGGGATCGATTTGCAATTGCTGGGGATTGGTCATAACGGGCATATCTTCTTTAACGAGCCGAGTGATGAGTTTATTCCCGGTACGCATTGCGTTTCGTTATCGCAATCGACCATCAATGCCAACTCGCTGATGTATTTTAGCCGTGATGAAGTGCAACGTAAAGCGATCACCATGGGCATCAAAGCGATTATGCAGGCGCGTTATGTGCAGCTGATTGCCAGCGGTGAAGATCAGATTGAAATTCTGAAAAAAGCGCTGTTTGGGCCGATTACGCCGCAAGTTCCGGCGTCGATTTTACAATTGCATAAAGATTTAACGGTAATTACCCCGCTGGATATTTAA
